1.000000,0.237379,0.028989,-0.085878,0.225343,0.409421,0.182911,0.231762,0.120092,0.120092,-0.067563,0.022580,-0.016800,-0.064878,0.001388,0.001388,-0.003572,-0.016168,-0.038615,0.032079,-0.014187,-0.019415,-0.016377,0.021466,0.021466,-0.121998,0.020348,-0.097811,0.104470,0.120027,0.141178,0.141178,-0.048427,-0.079009,0.085761,0.141178,-0.022570,-0.048427,0.118653,-0.085387,-0.046455,-0.085387,0.047748,0.110135,0.110135,-0.033111,0.110135,0.110135,-0.083730,0.016316,-0.033111,0.087627,0.052049,-0.030035,0.111785,0.080776,0.114490,0.114490,0.082445,-0.029986,0.103848,-0.029986,-0.029986,0.103848,-0.029986,0.069945,0.054852,0.115405,0.054852,-0.104686,0.056658,0.013960,0.106358,-0.097412,-0.111719,-0.097412,-0.078410,-0.092619,0.021250,-0.092619,-0.092619,0.003934,0.028977,0.006654,-0.011427,-0.052152,-0.006374,0.005110,0.017827,-0.026054,-0.016149,0.047665,-0.012182,0.020635,-0.019726,-0.011869,-0.011869,0.020185,0.028619,0.039638
0.237379,1.000000,-0.085073,-0.258891,0.994483,0.343255,0.340056,0.213177,-0.084087,-0.084087,0.144245,-0.188510,-0.222125,0.138296,-0.081890,-0.081890,-0.159314,-0.030182,-0.176313,0.245535,-0.118556,-0.063105,-0.113936,-0.014648,-0.014648,-0.137206,0.016232,-0.027918,0.139902,0.135246,-0.051375,-0.051375,0.028794,0.052110,-0.137594,-0.051375,-0.001249,0.028794,-0.012645,0.017372,0.059357,0.017372,0.101740,-0.044350,-0.044350,0.041576,-0.044350,-0.044350,0.021791,0.083407,0.041576,-0.039121,0.073472,0.049052,-0.071867,-0.144780,-0.067670,-0.067670,-0.047324,-0.022755,-0.163059,-0.022755,-0.022755,-0.163059,-0.022755,-0.147633,-0.150606,0.085198,-0.150606,-0.040235,-0.145908,-0.157365,-0.147086,-0.040168,-0.045600,-0.040168,-0.040115,-0.045512,-0.166806,-0.045512,-0.045512,-0.031964,0.079983,0.090956,0.077662,0.058245,0.047196,-0.024730,-0.056309,-0.033875,-0.067801,-0.032461,-0.021118,-0.017795,-0.052452,0.089626,0.089627,-0.031689,0.035611,0.050361
0.028989,-0.085073,1.000000,-0.088312,-0.083854,-0.042665,-0.038179,-0.046888,-0.195876,-0.195876,0.030894,-0.191803,-0.137320,0.033458,0.253275,0.253275,-0.245096,-0.116819,-0.151369,-0.124936,-0.015877,0.041857,-0.017771,-0.000613,-0.000613,-0.190277,-0.017251,0.069853,-0.077223,-0.069007,-0.106815,-0.106815,-0.002376,0.144707,-0.077852,-0.106815,0.028989,-0.002376,-0.117422,0.154339,-0.114463,0.154339,-0.109017,-0.179406,-0.179406,0.028625,-0.179406,-0.179406,0.156569,-0.070354,0.028625,-0.153162,-0.086109,0.031588,-0.156088,-0.092265,-0.155193,-0.155193,-0.122281,-0.114059,-0.075022,-0.114059,-0.114059,-0.075022,-0.114059,-0.160740,-0.137673,0.021977,-0.137673,-0.090280,-0.151985,-0.151127,-0.093338,-0.098367,-0.096345,-0.098367,-0.110518,-0.108489,-0.152004,-0.108489,-0.108489,-0.103181,0.142222,0.229545,0.231962,0.258448,0.163562,-0.035907,-0.025819,-0.008025,-0.029014,-0.137018,-0.012902,-0.149122,-0.033778,0.210668,0.210668,-0.126071,-0.151662,-0.142588
-0.085878,-0.258891,-0.088312,1.000000,-0.257862,-0.078264,-0.164399,0.279959,0.281587,0.281587,-0.164901,-0.133707,-0.132557,-0.160871,0.078791,0.078791,-0.103009,0.073421,-0.148428,-0.035763,0.029465,0.119563,0.037005,0.151260,0.151260,0.115905,0.130456,-0.091478,-0.061456,-0.064724,-0.076449,-0.076449,0.088543,0.107523,-0.046602,-0.076449,-0.047318,0.088543,-0.018594,0.031771,-0.070675,0.031771,-0.061583,-0.094034,-0.094034,0.096558,-0.094034,-0.094034,0.034941,0.016906,0.080307,-0.038639,-0.044835,0.069490,-0.070478,-0.051267,-0.067647,-0.067647,-0.022788,-0.129827,-0.078762,-0.129827,-0.129827,-0.078762,-0.129827,-0.168870,-0.167101,-0.011511,-0.167101,-0.117494,-0.173397,-0.159547,-0.099328,-0.107826,-0.116358,-0.107826,-0.044795,-0.053224,-0.111318,-0.053224,-0.053224,-0.081592,-0.044797,0.030904,0.036914,0.061159,0.014747,-0.031591,-0.050685,0.009579,-0.047747,-0.004173,-0.013673,-0.024124,-0.079073,0.071089,0.071089,-0.015455,0.006345,0.023471
0.225343,0.994483,-0.083854,-0.257862,1.000000,0.348792,0.346109,0.219411,-0.087462,-0.087462,0.149874,-0.195321,-0.234184,0.143822,-0.076609,-0.076609,-0.164070,-0.028295,-0.187115,0.237417,-0.113342,-0.059030,-0.108625,-0.010701,-0.010701,-0.141334,0.020723,-0.026625,0.126369,0.120989,-0.056241,-0.056241,0.032696,0.050554,-0.134533,-0.056241,0.001263,0.032696,-0.014066,0.017440,0.049495,0.017440,0.094395,-0.046660,-0.046660,0.045132,-0.046660,-0.046660,0.021876,0.079471,0.045132,-0.039465,0.065502,0.052654,-0.074975,-0.141605,-0.070778,-0.070778,-0.048337,-0.017914,-0.160369,-0.017914,-0.017914,-0.160369,-0.017914,-0.141203,-0.144688,0.088073,-0.144688,-0.036221,-0.139988,-0.151816,-0.144252,-0.036009,-0.041538,-0.036009,-0.035736,-0.041231,-0.161015,-0.041231,-0.041231,-0.036311,0.077841,0.086110,0.071236,0.051996,0.035974,-0.020280,-0.065174,-0.029974,-0.072325,-0.025366,-0.029786,-0.010131,-0.049204,0.085144,0.085144,-0.023975,0.042403,0.057155
0.409421,0.343255,-0.042665,-0.078264,0.348792,1.000000,0.132027,0.368620,0.251490,0.251490,0.029525,-0.112509,-0.059691,0.031508,-0.101948,-0.101948,-0.097296,0.034980,-0.072233,0.044660,-0.078325,-0.050679,-0.079875,-0.030379,-0.030379,-0.141524,-0.042253,-0.064681,0.305428,0.323060,0.089194,0.089194,-0.039224,-0.114200,-0.092816,0.089194,0.117398,-0.039224,0.013540,-0.013374,0.046833,-0.013374,0.211093,0.053452,0.053452,-0.062666,0.053452,0.053452,-0.012127,0.131128,-0.062666,0.014713,0.219457,-0.060853,0.072945,-0.103022,0.074728,0.074728,0.037853,0.076589,-0.090329,0.076589,0.076589,-0.090329,0.076589,-0.008741,-0.010435,0.291934,-0.010435,0.052928,-0.009125,-0.031220,-0.088808,0.046281,0.047935,0.046281,0.059527,0.061172,-0.025575,0.061172,0.061172,-0.088761,0.043384,0.058754,0.025381,-0.050927,0.000216,-0.118305,-0.005021,-0.117886,-0.104451,0.007900,-0.121099,0.021092,-0.019135,0.023903,0.023903,0.011371,0.033456,0.019970
0.182911,0.340056,-0.038179,-0.164399,0.346109,0.132027,1.000000,0.575859,0.280674,0.280674,-0.000695,-0.161462,-0.093387,0.001830,0.090849,0.090849,-0.184433,-0.082954,-0.086273,0.055231,-0.117378,-0.029438,-0.119458,-0.008191,-0.008191,-0.004374,0.020751,-0.035409,0.017742,0.029119,-0.042813,-0.042813,-0.054565,0.035300,-0.064964,-0.042813,-0.007922,-0.054565,-0.063707,0.087606,-0.042749,0.087606,-0.000667,-0.055109,-0.055109,-0.057940,-0.055109,-0.055109,0.089635,-0.041383,-0.057940,-0.086175,0.001804,-0.055392,-0.064307,-0.080031,-0.062854,-0.062854,-0.087241,0.029321,-0.062216,0.029321,0.029321,-0.062216,0.029321,-0.027013,-0.052900,0.058292,-0.052900,-0.076861,-0.034982,-0.096739,-0.040120,-0.085164,-0.083089,-0.085164,-0.057393,-0.055290,-0.081609,-0.055290,-0.055290,0.068591,0.059510,0.043546,-0.013238,0.083051,0.028287,0.060379,-0.055301,0.055309,-0.003061,-0.023403,0.050036,-0.040240,-0.063925,0.064926,0.064926,-0.018427,-0.016430,-0.006840
0.231762,0.213177,-0.046888,0.279959,0.219411,0.368620,0.575859,1.000000,0.582091,0.582091,-0.102865,-0.273166,-0.178500,-0.098791,0.047333,0.047333,-0.266403,-0.042843,-0.166453,0.056463,-0.130925,-0.036415,-0.124312,0.017356,0.017356,-0.032080,0.064595,-0.091521,0.116857,0.120068,-0.083731,-0.083731,0.028801,0.081846,-0.164581,-0.083731,-0.036487,0.028801,-0.058374,0.102641,-0.078665,0.102641,0.016494,-0.155661,-0.155661,0.076752,-0.155661,-0.155661,0.105972,0.067782,0.076752,-0.100011,0.021300,0.082110,-0.142001,-0.189238,-0.139670,-0.139670,-0.073580,-0.088497,-0.170585,-0.088497,-0.088497,-0.170585,-0.088497,-0.217622,-0.222846,0.139546,-0.222846,-0.161718,-0.192225,-0.242897,-0.144547,-0.164581,-0.161016,-0.164581,-0.072908,-0.069264,-0.172064,-0.069264,-0.069264,0.001900,0.058263,0.053030,0.004772,0.039364,-0.024387,-0.001936,-0.126883,0.017770,-0.101770,0.045669,-0.004227,0.042258,-0.129055,0.067275,0.067275,0.058725,0.111566,0.118260
0.120092,-0.084087,-0.195876,0.281587,-0.087462,0.251490,0.280674,0.582091,1.000000,1.000000,-0.301553,0.230352,0.449385,-0.294826,-0.195918,-0.195918,0.280898,0.177332,0.413171,-0.052868,0.118359,0.065189,0.120618,0.076972,0.076972,-0.058191,0.083343,-0.081784,0.046221,0.035824,0.119621,0.119621,-0.038387,-0.035731,0.111835,0.119621,-0.004199,-0.038387,0.097328,-0.014512,-0.177181,-0.014512,-0.091586,-0.010554,-0.010554,0.040850,-0.010554,-0.010554,-0.016444,-0.039062,0.040850,0.019714,-0.076761,0.037942,0.020827,0.075980,0.018957,0.018957,0.055974,-0.136351,0.073693,-0.136351,-0.136351,0.073693,-0.136351,-0.062649,-0.058499,0.129430,-0.058499,-0.178861,-0.039278,-0.070008,0.088821,-0.177599,-0.171319,-0.177599,-0.127895,-0.121572,-0.022568,-0.121572,-0.121572,-0.005352,0.008988,0.000738,-0.076245,-0.030723,-0.083847,-0.050041,-0.080243,-0.017154,-0.026403,0.063361,-0.001351,0.069367,-0.031470,-0.056109,-0.056109,0.083081,0.138193,0.135877
0.120092,-0.084087,-0.195876,0.281587,-0.087462,0.251490,0.280674,0.582091,1.000000,1.000000,-0.301553,0.230352,0.449385,-0.294826,-0.195918,-0.195918,0.280898,0.177332,0.413171,-0.052868,0.118359,0.065189,0.120618,0.076972,0.076972,-0.058191,0.083343,-0.081784,0.046221,0.035824,0.119621,0.119621,-0.038387,-0.035731,0.111835,0.119621,-0.004199,-0.038387,0.097328,-0.014512,-0.177181,-0.014512,-0.091586,-0.010554,-0.010554,0.040850,-0.010554,-0.010554,-0.016444,-0.039062,0.040850,0.019714,-0.076761,0.037942,0.020827,0.075980,0.018957,0.018957,0.055974,-0.136351,0.073693,-0.136351,-0.136351,0.073693,-0.136351,-0.062649,-0.058499,0.129430,-0.058499,-0.178861,-0.039278,-0.070008,0.088821,-0.177599,-0.171319,-0.177599,-0.127895,-0.121572,-0.022568,-0.121572,-0.121572,-0.005352,0.008988,0.000738,-0.076245,-0.030723,-0.083847,-0.050041,-0.080243,-0.017154,-0.026403,0.063361,-0.001351,0.069367,-0.031470,-0.056109,-0.056109,0.083081,0.138193,0.135877
-0.067563,0.144245,0.030894,-0.164901,0.149874,0.029525,-0.000695,-0.102865,-0.301553,-0.301553,1.000000,-0.285472,-0.193978,0.992716,-0.293181,-0.293181,-0.262642,-0.147991,-0.093385,0.417621,-0.157577,-0.157502,-0.150203,-0.136059,-0.136059,-0.167364,-0.120510,-0.061678,0.059229,0.080584,-0.133363,-0.133363,0.145941,-0.056901,-0.196343,-0.133363,0.049794,0.145941,-0.049335,0.042162,0.068114,0.042162,0.049457,-0.147316,-0.147316,0.163906,-0.147316,-0.147316,0.045413,0.144952,0.163906,-0.049163,0.026625,0.153381,-0.134329,-0.185162,-0.131815,-0.131815,-0.042965,0.100492,-0.178328,0.100492,0.100492,-0.178328,0.100492,-0.061435,-0.040665,-0.011678,-0.040665,0.155092,-0.057260,-0.040880,-0.186964,0.139056,0.143045,0.139056,0.115354,0.119279,-0.072484,0.119279,0.119279,0.050740,-0.045446,-0.087524,-0.067139,-0.101548,0.025514,0.057886,0.114869,0.009718,0.065756,-0.048256,0.015146,-0.056391,0.093818,-0.033481,-0.033481,-0.058058,-0.049176,-0.043088
0.022580,-0.188510,-0.191803,-0.133707,-0.195321,-0.112509,-0.161462,-0.273166,0.230352,0.230352,-0.285472,1.000000,0.683293,-0.280046,-0.397763,-0.397763,0.848130,-0.082458,0.619435,-0.140851,0.243224,-0.020020,0.238884,-0.084436,-0.084436,-0.066590,-0.112666,-0.015129,0.006156,-0.000000,0.344506,0.344506,-0.216508,-0.188057,0.383426,0.344506,0.053480,-0.216508,0.240691,-0.210593,-0.035868,-0.210593,-0.041656,0.312313,0.312313,-0.146258,0.312313,0.312313,-0.207094,-0.137656,-0.159281,0.207658,-0.048195,-0.153096,0.294590,0.380245,0.292427,0.292427,0.188721,0.025395,0.365548,0.025395,0.025395,0.365548,0.025395,0.314398,0.304140,0.001502,0.304140,0.021969,0.307591,0.317305,0.371106,0.020379,0.025684,0.020379,-0.001503,0.003760,0.307189,0.003760,0.003760,-0.045970,-0.134544,-0.146626,-0.173963,-0.163627,-0.101955,-0.105386,0.099353,-0.057571,0.071467,0.077571,-0.046721,0.115065,0.158617,-0.212451,-0.212451,0.108150,0.106780,0.121943
-0.016800,-0.222125,-0.137320,-0.132557,-0.234184,-0.059691,-0.093387,-0.178500,0.449385,0.449385,-0.193978,0.683293,1.000000,-0.190476,-0.254515,-0.254515,0.586656,-0.054500,0.944183,-0.059810,0.203762,-0.047986,0.201010,-0.042110,-0.042110,-0.069412,-0.068039,-0.042423,-0.069917,-0.097367,0.253248,0.253248,-0.120336,-0.135050,0.339751,0.253248,0.023081,-0.120336,0.161243,-0.120642,-0.096242,-0.120642,-0.128951,0.165541,0.165541,-0.062554,0.165541,0.165541,-0.118311,-0.151159,-0.062554,0.123794,-0.143634,-0.058313,0.175425,0.316647,0.168597,0.168597,0.132182,-0.057576,0.339895,-0.057576,-0.057576,0.339895,-0.057576,0.223669,0.237340,-0.088320,0.237340,-0.051959,0.239483,0.236504,0.343595,-0.052837,-0.049446,-0.052837,-0.073120,-0.069744,0.229882,-0.069744,-0.069744,-0.067060,-0.041860,-0.018512,-0.081384,-0.075941,-0.080514,-0.129685,0.012368,-0.069351,0.019190,0.034523,-0.047461,0.075129,0.085355,-0.127944,-0.127944,0.065124,0.042533,0.046675
-0.064878,0.138296,0.033458,-0.160871,0.143822,0.031508,0.001830,-0.098791,-0.294826,-0.294826,0.992716,-0.280046,-0.190476,1.000000,-0.286939,-0.286939,-0.256172,-0.145871,-0.089339,0.422658,-0.161623,-0.165204,-0.154193,-0.146276,-0.146276,-0.159780,-0.144119,-0.060021,0.042201,0.062852,-0.138614,-0.138614,0.136351,-0.049708,-0.191644,-0.138614,0.052807,0.136351,-0.050928,0.052093,0.040743,0.052093,0.025903,-0.160200,-0.160200,0.167876,-0.160200,-0.160200,0.055350,0.139808,0.167876,-0.049191,0.016687,0.157280,-0.137320,-0.180210,-0.134852,-0.134852,-0.043631,0.094931,-0.173674,0.094931,0.094931,-0.173674,0.094931,-0.062414,-0.042053,-0.009532,-0.042053,0.148106,-0.058727,-0.042772,-0.194723,0.132235,0.136183,0.132235,0.108770,0.112656,-0.074098,0.112656,0.112656,0.057503,-0.049036,-0.094449,-0.075635,-0.109690,0.022794,0.063427,0.119719,0.014618,0.073113,-0.050938,0.020145,-0.058268,0.098448,-0.039824,-0.039824,-0.059661,-0.053195,-0.047304
0.001388,-0.081890,0.253275,0.078791,-0.076609,-0.101948,0.090849,0.047333,-0.195918,-0.195918,-0.293181,-0.397763,-0.254515,-0.286939,1.000000,0.999998,-0.496899,-0.263831,-0.255521,-0.194404,-0.321115,-0.253912,-0.326915,-0.311813,-0.311813,0.403031,-0.295616,0.025001,-0.128025,-0.134138,-0.223979,-0.223979,-0.078205,0.199313,-0.169527,-0.223979,0.046857,-0.078205,-0.218131,0.242338,-0.159268,0.242338,-0.129347,-0.212214,-0.212214,-0.065376,-0.212214,-0.212214,0.240275,-0.135471,-0.052600,-0.222890,-0.104016,-0.044887,-0.200065,-0.136882,-0.204283,-0.204283,-0.220374,0.011798,-0.095230,0.011798,0.011798,-0.095230,0.011798,-0.056508,-0.063021,0.001052,-0.063021,-0.030151,-0.081079,-0.110227,-0.117998,-0.025140,-0.038430,-0.025140,-0.051259,-0.064499,-0.120169,-0.064499,-0.064499,0.113122,0.044508,0.057800,0.058037,0.066901,-0.009526,0.159399,-0.090426,0.173199,0.048815,-0.091842,0.147139,-0.087393,-0.090605,0.048124,0.048124,-0.073558,-0.102069,-0.127255
0.001388,-0.081890,0.253275,0.078791,-0.076609,-0.101948,0.090849,0.047333,-0.195918,-0.195918,-0.293181,-0.397763,-0.254515,-0.286939,0.999998,1.000000,-0.496899,-0.263831,-0.255521,-0.194404,-0.321115,-0.253912,-0.326915,-0.311813,-0.311813,0.403031,-0.295616,0.025001,-0.128025,-0.134138,-0.223979,-0.223979,-0.078205,0.199313,-0.169527,-0.223979,0.046857,-0.078205,-0.218131,0.242338,-0.159268,0.242338,-0.129347,-0.212214,-0.212214,-0.065376,-0.212214,-0.212214,0.240275,-0.135471,-0.052600,-0.222890,-0.104016,-0.044887,-0.200065,-0.136882,-0.204283,-0.204283,-0.220374,0.011798,-0.095230,0.011798,0.011798,-0.095230,0.011798,-0.056508,-0.063021,0.001052,-0.063021,-0.030151,-0.081079,-0.110227,-0.117998,-0.025140,-0.038430,-0.025140,-0.051259,-0.064499,-0.120169,-0.064499,-0.064499,0.113122,0.044508,0.057800,0.058037,0.066901,-0.009526,0.159399,-0.090426,0.173199,0.048815,-0.091842,0.147139,-0.087393,-0.090605,0.048124,0.048124,-0.073558,-0.102069,-0.127255
-0.003572,-0.159314,-0.245096,-0.103009,-0.164070,-0.097296,-0.184433,-0.266403,0.280898,0.280898,-0.262642,0.848130,0.586656,-0.256172,-0.496899,-0.496899,1.000000,0.399929,0.610905,-0.061912,0.307860,0.075868,0.310855,0.031837,0.031837,-0.152545,-0.007362,0.047202,0.020272,0.021565,0.371588,0.371588,-0.129992,-0.202259,0.400746,0.371588,-0.003572,-0.129992,0.305096,-0.260297,0.000863,-0.260297,-0.029440,0.313556,0.313556,-0.065717,0.313556,0.313556,-0.256304,-0.070755,-0.077629,0.258864,-0.033666,-0.069891,0.305146,0.377816,0.304457,0.304457,0.252527,-0.055864,0.331845,-0.055864,-0.055864,0.331845,-0.055864,0.216450,0.213755,-0.041993,0.213755,-0.050685,0.225236,0.238223,0.338197,-0.048034,-0.041955,-0.048034,-0.075426,-0.069380,0.218378,-0.069380,-0.069380,-0.075356,-0.109950,-0.092406,-0.114600,-0.101617,-0.098710,-0.108337,0.033669,-0.063196,0.012331,0.102767,-0.035250,0.130514,0.064256,-0.145894,-0.145894,0.116428,0.134416,0.154131
-0.016168,-0.030182,-0.116819,0.073421,-0.028295,0.034980,-0.082954,-0.042843,0.177332,0.177332,-0.147991,-0.082458,-0.054500,-0.145871,-0.263831,-0.263831,0.399929,1.000000,-0.050390,0.015301,0.220369,0.245669,0.218781,0.265017,0.265017,-0.162268,0.240157,0.103604,0.068920,0.081913,0.161889,0.161889,0.000627,-0.019031,0.131474,0.161889,-0.105637,0.000627,0.130534,-0.083976,0.067415,-0.083976,0.028757,0.097085,0.097085,-0.014733,0.097085,0.097085,-0.082545,0.013497,-0.014733,0.085979,0.032138,-0.011943,0.107321,0.092890,0.109755,0.109755,0.101423,-0.149463,0.019790,-0.149463,-0.149463,0.019790,-0.149463,-0.114259,-0.106180,-0.065011,-0.106180,-0.144558,-0.089129,-0.085304,0.021939,-0.133694,-0.131655,-0.133694,-0.145972,-0.143919,-0.103065,-0.143919,-0.143919,-0.108498,0.050179,0.097399,0.092585,0.120958,0.018920,-0.057692,-0.086759,-0.074087,-0.111741,0.069705,-0.034519,0.048606,-0.117451,0.097774,0.097774,0.035563,0.098152,0.108043
-0.038615,-0.176313,-0.151369,-0.148428,-0.187115,-0.072233,-0.086273,-0.166453,0.413171,0.413171,-0.093385,0.619435,0.944183,-0.089339,-0.255521,-0.255521,0.610905,-0.050390,1.000000,0.023450,0.170012,-0.076284,0.177833,-0.062872,-0.062872,-0.086704,-0.089956,-0.024579,-0.091643,-0.116989,0.215942,0.215942,-0.023768,-0.158586,0.309898,0.215942,0.018886,-0.023768,0.186272,-0.153750,-0.090168,-0.153750,-0.130680,0.134520,0.134520,0.041664,0.134520,0.134520,-0.151356,-0.079154,0.041664,0.157191,-0.144586,0.046769,0.148023,0.285335,0.141645,0.141645,0.170227,-0.066554,0.310549,-0.066554,-0.066554,0.310549,-0.066554,0.191939,0.208958,-0.101927,0.208958,-0.053032,0.211349,0.211590,0.314445,-0.055291,-0.051679,-0.055291,-0.076899,-0.073304,0.202274,-0.073304,-0.073304,-0.039898,-0.054688,-0.023810,-0.077336,-0.085553,-0.096938,-0.103764,-0.009948,-0.033331,0.018323,0.031525,-0.013280,0.075233,0.047894,-0.120118,-0.120117,0.063473,0.027628,0.033178
0.032079,0.245535,-0.124936,-0.035763,0.237417,0.044660,0.055231,0.056463,-0.052868,-0.052868,0.417621,-0.140851,-0.059810,0.422658,-0.194404,-0.194404,-0.061912,0.015301,0.023450,1.000000,-0.218197,-0.181020,-0.209169,-0.111811,-0.111811,-0.251059,-0.134517,-0.097151,-0.022512,-0.053054,-0.157069,-0.157069,0.221173,0.110540,-0.143269,-0.157069,-0.076575,0.221173,0.014509,-0.000525,-0.000000,-0.000525,-0.050335,-0.140088,-0.140088,0.223298,-0.140088,-0.140088,0.002109,0.115557,0.223298,0.003163,-0.032045,0.210479,-0.160661,-0.151774,-0.158790,-0.158790,-0.026775,-0.095205,-0.138641,-0.095205,-0.095205,-0.138641,-0.095205,-0.197122,-0.227588,-0.074526,-0.227588,-0.116749,-0.224407,-0.208012,-0.149186,-0.115666,-0.112476,-0.115666,-0.134804,-0.131613,-0.235378,-0.131613,-0.131613,0.067104,-0.080155,-0.086790,-0.040807,-0.063247,-0.045224,0.083605,-0.018328,0.070179,0.041686,-0.012227,0.078292,-0.029832,-0.008440,-0.032279,-0.032279,-0.037555,-0.054137,-0.051909
-0.014187,-0.118556,-0.015877,0.029465,-0.113342,-0.078325,-0.117378,-0.130925,0.118359,0.118359,-0.157577,0.243224,0.203762,-0.161623,-0.321115,-0.321115,0.307860,0.220369,0.170012,-0.218197,1.000000,0.738844,0.995842,0.587366,0.587366,-0.553287,0.541144,0.357927,-0.020026,-0.036091,0.221050,0.221050,0.177642,-0.200479,0.267482,0.221050,-0.102882,0.177642,0.270873,-0.317521,0.088507,-0.317521,0.049812,0.246392,0.246392,0.135926,0.246392,0.246392,-0.313559,0.145928,0.123465,0.323647,0.080489,0.120052,0.267750,0.238763,0.274639,0.274639,0.338313,-0.084788,0.187500,-0.084788,-0.084788,0.187500,-0.084788,0.074196,0.064348,-0.040640,0.064348,-0.045353,0.084170,0.132208,0.212550,-0.051722,-0.045433,-0.051722,-0.014519,-0.008223,0.165157,-0.008223,-0.008223,-0.194975,-0.064176,0.063976,0.025697,0.015015,0.036111,-0.114920,0.052518,-0.058757,0.006449,0.037111,-0.062296,0.021354,0.051874,0.015332,0.015332,0.007509,0.017059,0.020218
-0.019415,-0.063105,0.041857,0.119563,-0.059030,-0.050679,-0.029438,-0.036415,0.065189,0.065189,-0.157502,-0.020020,-0.047986,-0.165204,-0.253912,-0.253912,0.075868,0.245669,-0.076284,-0.181020,0.738844,1.000000,0.735818,0.808213,0.808213,-0.406576,0.759916,0.436371,-0.000000,-0.031106,0.067856,0.067856,0.306345,-0.227744,0.094017,0.067856,-0.053390,0.306345,0.165092,-0.269850,0.148414,-0.269850,0.128462,0.145587,0.145587,0.216837,0.145587,0.145587,-0.267087,0.259473,0.202517,0.265797,0.150306,0.195391,0.155911,0.055569,0.160718,0.160718,0.279486,0.037453,-0.009159,0.037453,0.037453,-0.009159,0.037453,0.021070,0.008609,0.015331,0.008609,0.069611,0.020855,0.057539,0.006111,0.061651,0.066331,0.061651,0.119705,0.124385,0.099111,0.124385,0.124385,-0.178079,-0.099905,0.026549,0.047040,0.053086,0.026188,-0.065357,-0.013755,-0.025321,-0.042506,0.114704,-0.036002,0.063361,-0.039588,0.042218,0.042218,0.063098,0.016560,0.008300
-0.016377,-0.113936,-0.017771,0.037005,-0.108625,-0.079875,-0.119458,-0.124312,0.120618,0.120618,-0.150203,0.238884,0.201010,-0.154193,-0.326915,-0.326915,0.310855,0.218781,0.177833,-0.209169,0.995842,0.735818,1.000000,0.595653,0.595653,-0.560176,0.548871,0.357071,-0.022415,-0.038403,0.216609,0.216609,0.185448,-0.198932,0.263914,0.216609,-0.105203,0.185448,0.264681,-0.317877,0.097682,-0.317877,0.057178,0.248308,0.248308,0.133474,0.248308,0.248308,-0.313881,0.150330,0.120995,0.324039,0.088164,0.117608,0.270118,0.234986,0.277056,0.277056,0.339223,-0.080503,0.183887,-0.080503,-0.080503,0.183887,-0.080503,0.074914,0.065404,-0.042344,0.065404,-0.039820,0.085280,0.133744,0.209004,-0.046356,-0.040019,-0.046356,-0.009328,-0.002985,0.166465,-0.002985,-0.002985,-0.191837,-0.069675,0.060115,0.022110,0.011444,0.030283,-0.109425,0.049176,-0.051488,0.009688,0.039087,-0.055147,0.022683,0.048653,0.011190,0.011190,0.008607,0.020013,0.023339
0.021466,-0.014648,-0.000613,0.151260,-0.010701,-0.030379,-0.008191,0.017356,0.076972,0.076972,-0.136059,-0.084436,-0.042110,-0.146276,-0.311813,-0.311813,0.031837,0.265017,-0.062872,-0.111811,0.587366,0.808213,0.595653,1.000000,1.000001,-0.342152,0.952924,-0.004864,-0.051028,-0.074024,-0.007098,-0.007098,0.397138,-0.117016,0.036114,-0.007098,-0.211389,0.397138,0.126680,-0.253314,0.195610,-0.253314,0.133265,0.107206,0.107206,0.250323,0.107206,0.107206,-0.251015,0.275532,0.233966,0.237568,0.141975,0.224093,0.103050,0.004223,0.107005,0.107005,0.244494,-0.044216,-0.057943,-0.044216,-0.044216,-0.057943,-0.044216,-0.088283,-0.105395,-0.067087,-0.105395,-0.034388,-0.082353,-0.055284,-0.029624,-0.037829,-0.033885,-0.037829,0.036768,0.040749,-0.007533,0.040749,0.040749,-0.145920,0.007238,0.121692,0.139629,0.147298,0.044065,-0.060509,-0.105700,-0.019282,-0.114660,0.068871,-0.028471,0.023043,-0.135712,0.148298,0.148298,0.020252,-0.004163,-0.008468
0.021466,-0.014648,-0.000613,0.151260,-0.010701,-0.030379,-0.008191,0.017356,0.076972,0.076972,-0.136059,-0.084436,-0.042110,-0.146276,-0.311813,-0.311813,0.031837,0.265017,-0.062872,-0.111811,0.587366,0.808213,0.595653,1.000001,1.000000,-0.342152,0.952924,-0.004864,-0.051028,-0.074024,-0.007098,-0.007098,0.397138,-0.117016,0.036114,-0.007098,-0.211389,0.397138,0.126680,-0.253314,0.195610,-0.253314,0.133265,0.107206,0.107206,0.250323,0.107206,0.107206,-0.251015,0.275532,0.233966,0.237568,0.141975,0.224093,0.103050,0.004223,0.107005,0.107005,0.244494,-0.044216,-0.057943,-0.044216,-0.044216,-0.057943,-0.044216,-0.088283,-0.105395,-0.067087,-0.105395,-0.034388,-0.082353,-0.055284,-0.029624,-0.037829,-0.033885,-0.037829,0.036768,0.040749,-0.007533,0.040749,0.040749,-0.145920,0.007238,0.121692,0.139629,0.147298,0.044065,-0.060509,-0.105700,-0.019282,-0.114660,0.068871,-0.028471,0.023043,-0.135712,0.148298,0.148298,0.020252,-0.004163,-0.008468
-0.121998,-0.137206,-0.190277,0.115905,-0.141334,-0.141524,-0.004374,-0.032080,-0.058191,-0.058191,-0.167364,-0.066590,-0.069412,-0.159780,0.403031,0.403031,-0.152545,-0.162268,-0.086704,-0.251059,-0.553287,-0.406576,-0.560176,-0.342152,-0.342152,1.000000,-0.354491,-0.227269,-0.072585,-0.040352,-0.082329,-0.082329,-0.188357,0.167328,-0.067637,-0.082329,0.054299,-0.188357,-0.163483,0.230722,-0.165152,0.230722,-0.128959,-0.143820,-0.143820,-0.154683,-0.143820,-0.143820,0.229530,-0.216087,-0.142299,-0.226002,-0.135821,-0.133951,-0.135152,-0.046459,-0.145947,-0.145947,-0.216233,-0.022967,-0.014014,-0.022967,-0.022967,-0.014014,-0.022967,-0.029132,-0.017563,0.026314,-0.017563,0.006380,-0.034358,-0.021469,-0.034998,0.016337,0.013854,0.016337,0.003301,0.000817,-0.024009,0.000817,0.000817,0.128018,-0.038186,-0.088504,-0.100750,-0.023232,-0.049564,0.120467,-0.022914,0.080293,0.023376,0.034338,0.085742,0.017856,-0.044372,-0.059690,-0.059690,0.032677,-0.028429,-0.039695
0.020348,0.016232,-0.017251,0.130456,0.020723,-0.042253,0.020751,0.064595,0.083343,0.083343,-0.120510,-0.112666,-0.068039,-0.144119,-0.295616,-0.295616,-0.007362,0.240157,-0.089956,-0.134517,0.541144,0.759916,0.548871,0.952924,0.952924,-0.354491,1.000000,-0.017013,-0.031512,-0.051722,0.015154,0.015154,0.371543,-0.125366,0.047619,0.015154,-0.224453,0.371543,0.122934,-0.263966,0.240447,-0.263966,0.167318,0.137873,0.137873,0.219315,0.137873,0.137873,-0.261553,0.259928,0.203442,0.229806,0.149526,0.194142,0.117582,0.013959,0.121779,0.121779,0.240940,-0.048354,-0.043474,-0.048354,-0.048354,-0.043474,-0.048354,-0.080248,-0.093715,-0.079745,-0.093715,-0.043528,-0.061613,-0.041704,0.008034,-0.048057,-0.043932,-0.048057,0.022552,0.026712,0.002175,0.026712,0.026712,-0.121831,0.050702,0.151548,0.166160,0.159407,0.051359,-0.045399,-0.119679,-0.009356,-0.115499,0.052164,-0.019033,0.013432,-0.147095,0.163320,0.163320,0.008930,0.000628,-0.002163
-0.097811,-0.027918,0.069853,-0.091478,-0.026625,-0.064681,-0.035409,-0.091521,-0.081784,-0.081784,-0.061678,-0.015129,-0.042423,-0.060021,0.025001,0.025001,0.047202,0.103604,-0.024579,-0.097151,0.357927,0.436371,0.357071,-0.004864,-0.004864,-0.227269,-0.017013,1.000000,-0.019949,-0.057298,0.094622,0.094622,0.011071,-0.166919,0.139380,0.094622,0.027356,0.011071,0.114522,-0.143322,0.043333,-0.143322,0.000547,0.114402,0.114402,0.056296,0.114402,0.114402,-0.142579,0.064907,0.056296,0.166296,0.033129,0.058674,0.133695,0.123711,0.135773,0.135773,0.166780,0.075021,0.113338,0.075021,0.075021,0.113338,0.075021,0.155321,0.149087,-0.074150,0.149087,0.092935,0.128862,0.146517,0.088710,0.086384,0.088012,0.086384,0.103122,0.104732,0.155880,0.104732,0.104732,-0.059203,-0.198515,-0.152980,-0.135553,-0.135198,-0.040075,0.008734,0.111848,0.020730,0.121260,0.063206,0.017004,0.035828,0.129751,-0.137702,-0.137702,0.026408,0.013471,0.020473
0.104470,0.139902,-0.077223,-0.061456,0.126369,0.305428,0.017742,0.116857,0.046221,0.046221,0.059229,0.006156,-0.069917,0.042201,-0.128025,-0.128025,0.020272,0.068920,-0.091643,-0.022512,-0.020026,-0.000000,-0.022415,-0.051028,-0.051028,-0.072585,-0.031512,-0.019949,1.000000,0.957426,0.423257,0.423257,-0.139369,-0.224239,-0.098196,0.423257,-0.112828,-0.139369,0.268001,-0.281131,0.373379,-0.281131,0.659124,0.364942,0.364942,-0.112717,0.364942,0.364942,-0.279988,0.435623,-0.112717,0.256516,0.602363,-0.109788,0.341177,-0.116375,0.345369,0.345369,0.266068,-0.079373,-0.128797,-0.079373,-0.079373,-0.128797,-0.079373,-0.175000,-0.146118,0.593992,-0.146118,-0.053273,-0.129913,-0.134617,-0.109178,-0.046444,-0.043827,-0.046444,-0.044924,-0.042308,-0.142578,-0.042308,-0.042308,-0.137869,0.054325,0.140955,0.138258,0.142492,0.191647,-0.134499,0.082895,-0.121459,-0.100029,-0.111688,-0.086790,-0.136379,-0.032534,0.216836,0.216836,-0.122232,-0.114063,-0.117914
0.120027,0.135246,-0.069007,-0.064724,0.120989,0.323060,0.029119,0.120068,0.035824,0.035824,0.080584,-0.000000,-0.097367,0.062852,-0.134138,-0.134138,0.021565,0.081913,-0.116989,-0.053054,-0.036091,-0.031106,-0.038403,-0.074024,-0.074024,-0.040352,-0.051722,-0.057298,0.957426,1.000000,0.447474,0.447474,-0.126262,-0.227674,-0.096556,0.447474,-0.104023,-0.126262,0.299183,-0.276272,0.333651,-0.276272,0.638217,0.352591,0.352591,-0.101174,0.352591,0.352591,-0.275203,0.425395,-0.101174,0.250690,0.578194,-0.098333,0.325581,-0.113896,0.329588,0.329588,0.257785,-0.106867,-0.128347,-0.106867,-0.106867,-0.128347,-0.106867,-0.198199,-0.170310,0.621782,-0.170310,-0.086709,-0.153707,-0.160850,-0.108309,-0.078770,-0.076294,-0.078770,-0.075903,-0.073418,-0.167533,-0.073418,-0.073418,-0.113793,0.071517,0.150759,0.144406,0.149296,0.200757,-0.115633,0.085035,-0.104361,-0.088763,-0.141827,-0.068257,-0.163216,-0.035599,0.230405,0.230405,-0.147368,-0.102382,-0.107192
0.141178,-0.051375,-0.106815,-0.076449,-0.056241,0.089194,-0.042813,-0.083731,0.119621,0.119621,-0.133363,0.344506,0.253248,-0.138614,-0.223979,-0.223979,0.371588,0.161889,0.215942,-0.157069,0.221050,0.067856,0.216609,-0.007098,-0.007098,-0.082329,0.015154,0.094622,0.423257,0.447474,1.000000,0.999999,-0.231407,-0.520116,0.846912,0.999999,-0.187981,-0.231407,0.714806,-0.598190,-0.006399,-0.598190,0.150385,0.726488,0.726488,-0.160394,0.726488,0.726488,-0.595989,-0.005925,-0.160394,0.589225,0.117106,-0.166793,0.763842,0.774219,0.772733,0.772733,0.633529,-0.317208,0.731170,-0.317208,-0.317208,0.731170,-0.317208,0.316419,0.369577,0.311193,0.369577,-0.263366,0.372926,0.386180,0.737123,-0.274345,-0.269214,-0.274345,-0.267350,-0.262174,0.374635,-0.262174,-0.262174,-0.096892,0.025976,0.075544,0.035899,0.018265,0.061476,-0.071818,0.072025,-0.048319,-0.021502,-0.062816,-0.038416,-0.090981,0.041531,0.052010,0.052010,-0.090188,-0.046031,-0.030616
0.141178,-0.051375,-0.106815,-0.076449,-0.056241,0.089194,-0.042813,-0.083731,0.119621,0.119621,-0.133363,0.344506,0.253248,-0.138614,-0.223979,-0.223979,0.371588,0.161889,0.215942,-0.157069,0.221050,0.067856,0.216609,-0.007098,-0.007098,-0.082329,0.015154,0.094622,0.423257,0.447474,0.999999,1.000000,-0.231407,-0.520116,0.846912,0.999999,-0.187981,-0.231407,0.714806,-0.598190,-0.006399,-0.598190,0.150385,0.726488,0.726488,-0.160394,0.726488,0.726488,-0.595989,-0.005925,-0.160394,0.589225,0.117106,-0.166793,0.763842,0.774219,0.772733,0.772733,0.633529,-0.317208,0.731170,-0.317208,-0.317208,0.731170,-0.317208,0.316419,0.369577,0.311193,0.369577,-0.263366,0.372926,0.386180,0.737123,-0.274345,-0.269214,-0.274345,-0.267350,-0.262174,0.374635,-0.262174,-0.262174,-0.096892,0.025976,0.075544,0.035899,0.018265,0.061476,-0.071818,0.072025,-0.048319,-0.021502,-0.062816,-0.038416,-0.090981,0.041531,0.052010,0.052010,-0.090188,-0.046031,-0.030616
-0.048427,0.028794,-0.002376,0.088543,0.032696,-0.039224,-0.054565,0.028801,-0.038387,-0.038387,0.145941,-0.216508,-0.120336,0.136351,-0.078205,-0.078205,-0.129992,0.000627,-0.023768,0.221173,0.177642,0.306345,0.185448,0.397138,0.397138,-0.188357,0.371543,0.011071,-0.139369,-0.126262,-0.231407,-0.231407,1.000000,-0.340970,-0.182477,-0.231407,-0.123649,0.999999,0.276232,-0.428174,0.235531,-0.428174,0.153396,-0.073617,-0.073617,0.827721,-0.073617,-0.073617,-0.426904,0.699486,0.811869,0.413203,0.162125,0.804954,-0.083790,-0.216393,-0.081337,-0.081337,0.413507,0.040684,-0.189134,0.040684,0.040684,-0.189134,0.040684,-0.121337,-0.132199,-0.093739,-0.132199,0.058487,-0.110107,-0.088302,-0.162194,0.056392,0.059900,0.056392,0.142535,0.146066,-0.029201,0.146066,0.146066,0.022688,0.007687,0.048858,0.076201,0.050745,0.038914,0.111310,-0.036700,0.107451,0.027630,-0.061048,0.098871,-0.084568,-0.093829,0.112357,0.112357,-0.084478,-0.069609,-0.086428
-0.079009,0.052110,0.144707,0.107523,0.050554,-0.114200,0.035300,0.081846,-0.035731,-0.035731,-0.056901,-0.188057,-0.135050,-0.049708,0.199313,0.199313,-0.202259,-0.019031,-0.158586,0.110540,-0.200479,-0.227744,-0.198932,-0.117016,-0.117016,0.167328,-0.125366,-0.166919,-0.224239,-0.227674,-0.520116,-0.520116,-0.340970,1.000000,-0.443504,-0.520116,-0.209891,-0.340970,-0.521403,0.624692,-0.252680,0.624692,-0.316709,-0.461728,-0.461728,-0.303977,-0.461728,-0.461728,0.625223,-0.469421,-0.303977,-0.621753,-0.299902,-0.297299,-0.518090,-0.343130,-0.522794,-0.522794,-0.682183,-0.366102,-0.334280,-0.366102,-0.366102,-0.334280,-0.366102,-0.584737,-0.641493,-0.165734,-0.641493,-0.420069,-0.661396,-0.633831,-0.361345,-0.401943,-0.404358,-0.401943,-0.437516,-0.439848,-0.639160,-0.439848,-0.439848,-0.042052,0.020074,0.070717,0.086680,0.157092,0.071083,-0.039584,-0.063346,-0.003251,-0.010748,-0.064014,-0.008108,-0.042428,-0.015286,0.093296,0.093296,-0.044069,-0.064477,-0.044082
0.085761,-0.137594,-0.077852,-0.046602,-0.134533,-0.092816,-0.064964,-0.164581,0.111835,0.111835,-0.196343,0.383426,0.339751,-0.191644,-0.169527,-0.169527,0.400746,0.131474,0.309898,-0.143269,0.267482,0.094017,0.263914,0.036114,0.036114,-0.067637,0.047619,0.139380,-0.098196,-0.096556,0.846912,0.846912,-0.182477,-0.443504,1.000000,0.846912,-0.147368,-0.182477,0.617671,-0.501503,-0.205505,-0.501503,-0.212098,0.598917,0.598917,-0.118359,0.598917,0.598917,-0.499689,-0.259527,-0.118359,0.506736,-0.213449,-0.127170,0.656551,0.929407,0.664064,0.664064,0.551826,-0.289502,0.890087,-0.289502,-0.289502,0.890087,-0.289502,0.470012,0.512593,-0.023352,0.512593,-0.241565,0.506449,0.525446,0.884798,-0.258503,-0.254265,-0.258503,-0.252423,-0.248139,0.516571,-0.248139,-0.248139,-0.040179,-0.013613,-0.005561,-0.045907,-0.068441,-0.050946,-0.011178,0.029602,0.008274,0.028846,0.014415,-0.002172,-0.004214,0.067389,-0.079109,-0.079109,-0.012754,0.009643,0.029659
0.141178,-0.051375,-0.106815,-0.076449,-0.056241,0.089194,-0.042813,-0.083731,0.119621,0.119621,-0.133363,0.344506,0.253248,-0.138614,-0.223979,-0.223979,0.371588,0.161889,0.215942,-0.157069,0.221050,0.067856,0.216609,-0.007098,-0.007098,-0.082329,0.015154,0.094622,0.423257,0.447474,0.999999,0.999999,-0.231407,-0.520116,0.846912,1.000000,-0.187981,-0.231407,0.714806,-0.598190,-0.006399,-0.598190,0.150385,0.726488,0.726488,-0.160394,0.726488,0.726488,-0.595989,-0.005925,-0.160394,0.589225,0.117106,-0.166793,0.763842,0.774219,0.772733,0.772733,0.633529,-0.317208,0.731170,-0.317208,-0.317208,0.731170,-0.317208,0.316419,0.369577,0.311193,0.369577,-0.263366,0.372926,0.386180,0.737123,-0.274345,-0.269214,-0.274345,-0.267350,-0.262174,0.374635,-0.262174,-0.262174,-0.096892,0.025976,0.075544,0.035899,0.018265,0.061476,-0.071818,0.072025,-0.048319,-0.021502,-0.062816,-0.038416,-0.090981,0.041531,0.052010,0.052010,-0.090188,-0.046031,-0.030616
-0.022570,-0.001249,0.028989,-0.047318,0.001263,0.117398,-0.007922,-0.036487,-0.004199,-0.004199,0.049794,0.053480,0.023081,0.052807,0.046857,0.046857,-0.003572,-0.105637,0.018886,-0.076575,-0.102882,-0.053390,-0.105203,-0.211389,-0.211389,0.054299,-0.224453,0.027356,-0.112828,-0.104023,-0.187981,-0.187981,-0.123649,-0.209891,-0.147368,-0.187981,1.000000,-0.123649,-0.262592,0.313997,-0.150577,0.313997,-0.158565,-0.279621,-0.279621,-0.077314,-0.279621,-0.279621,0.303697,-0.170577,-0.055213,-0.299722,-0.160609,-0.052257,-0.253188,-0.162621,-0.266677,-0.266677,-0.276716,0.468040,-0.143539,0.468040,0.468040,-0.143539,0.468040,0.284195,0.307309,-0.050239,0.307309,0.547122,0.308488,0.324791,-0.141246,0.535368,0.538266,0.535368,0.501922,0.504662,0.305897,0.504662,0.504662,0.018848,-0.184061,-0.184571,-0.186678,-0.203974,-0.218577,0.039555,-0.056476,0.032568,0.014467,0.180445,0.046164,0.177515,-0.039168,-0.216341,-0.216341,0.190616,0.103169,0.099424
-0.048427,0.028794,-0.002376,0.088543,0.032696,-0.039224,-0.054565,0.028801,-0.038387,-0.038387,0.145941,-0.216508,-0.120336,0.136351,-0.078205,-0.078205,-0.129992,0.000627,-0.023768,0.221173,0.177642,0.306345,0.185448,0.397138,0.397138,-0.188357,0.371543,0.011071,-0.139369,-0.126262,-0.231407,-0.231407,0.999999,-0.340970,-0.182477,-0.231407,-0.123649,1.000000,0.276232,-0.428174,0.235531,-0.428174,0.153396,-0.073617,-0.073617,0.827721,-0.073617,-0.073617,-0.426904,0.699486,0.811869,0.413203,0.162125,0.804954,-0.083790,-0.216393,-0.081337,-0.081337,0.413507,0.040684,-0.189134,0.040684,0.040684,-0.189134,0.040684,-0.121337,-0.132199,-0.093739,-0.132199,0.058487,-0.110107,-0.088302,-0.162194,0.056392,0.059900,0.056392,0.142535,0.146066,-0.029201,0.146066,0.146066,0.022688,0.007687,0.048858,0.076201,0.050745,0.038914,0.111310,-0.036700,0.107451,0.027630,-0.061048,0.098871,-0.084568,-0.093829,0.112357,0.112357,-0.084478,-0.069609,-0.086428
0.118653,-0.012645,-0.117422,-0.018594,-0.014066,0.013540,-0.063707,-0.058374,0.097328,0.097328,-0.049335,0.240691,0.161243,-0.050928,-0.218131,-0.218131,0.305096,0.130534,0.186272,0.014509,0.270873,0.165092,0.264681,0.126680,0.126680,-0.163483,0.122934,0.114522,0.268001,0.299183,0.714806,0.714806,0.276232,-0.521403,0.617671,0.714806,-0.262592,0.276232,1.000000,-0.847375,-0.086513,-0.847375,0.030611,0.609265,0.609265,0.439412,0.609265,0.609265,-0.844402,0.326976,0.416458,0.835316,0.020079,0.405532,0.585251,0.645218,0.587535,0.587535,0.793415,-0.352145,0.619092,-0.352145,-0.352145,0.619092,-0.352145,0.200665,0.179400,0.213818,0.179400,-0.365760,0.177972,0.211543,0.609837,-0.350837,-0.352373,-0.350837,-0.290295,-0.291704,0.257422,-0.291704,-0.291704,-0.060855,-0.034770,-0.015368,-0.024702,-0.063824,0.005247,-0.024276,0.064769,0.020295,0.027255,-0.076614,0.023085,-0.053959,0.007211,0.018669,0.018669,-0.061110,-0.050881,-0.033264
-0.085387,0.017372,0.154339,0.031771,0.017440,-0.013374,0.087606,0.102641,-0.014512,-0.014512,0.042162,-0.210593,-0.120642,0.052093,0.242338,0.242338,-0.260297,-0.083976,-0.153750,-0.000525,-0.317521,-0.269850,-0.317877,-0.253314,-0.253314,0.230722,-0.263966,-0.143322,-0.281131,-0.276272,-0.598190,-0.598190,-0.428174,0.624692,-0.501503,-0.598190,0.313997,-0.428174,-0.847375,1.000000,-0.370883,1.000001,-0.426200,-0.811306,-0.811306,-0.372002,-0.811306,-0.811306,0.996627,-0.600234,-0.349558,-0.983063,-0.410002,-0.340340,-0.769727,-0.545390,-0.767045,-0.767045,-0.926794,0.086865,-0.513567,0.086865,0.086865,-0.513567,0.086865,-0.342139,-0.313795,-0.179114,-0.313795,0.090174,-0.313115,-0.347916,-0.514140,0.081886,0.081832,0.081886,0.031763,0.031659,-0.382353,0.031659,0.031659,0.055839,-0.009404,-0.018138,-0.022555,0.012926,-0.043492,0.032096,-0.072586,-0.006614,-0.027161,0.112939,-0.006294,0.074986,-0.027625,-0.040925,-0.040925,0.082625,0.065167,0.057181
-0.046455,0.059357,-0.114463,-0.070675,0.049495,0.046833,-0.042749,-0.078665,-0.177181,-0.177181,0.068114,-0.035868,-0.096242,0.040743,-0.159268,-0.159268,0.000863,0.067415,-0.090168,-0.000000,0.088507,0.148414,0.097682,0.195610,0.195610,-0.165152,0.240447,0.043333,0.373379,0.333651,-0.006399,-0.006399,0.235531,-0.252680,-0.205505,-0.006399,-0.150577,0.235531,-0.086513,-0.370883,1.000000,-0.370883,0.854824,0.447326,0.447326,-0.094519,0.447326,0.447326,-0.369736,0.606113,-0.094519,0.342733,0.792528,-0.090960,0.386782,-0.198270,0.380359,0.380359,0.311263,0.353711,-0.213611,0.353711,0.353711,-0.213611,0.353711,0.128441,0.127449,-0.093104,0.127449,0.390051,0.140088,0.151095,-0.184552,0.389646,0.393033,0.389646,0.369747,0.373015,0.126701,0.373015,0.373015,-0.040093,0.073755,0.092489,0.124200,0.123673,0.164217,-0.072602,0.095330,-0.077599,-0.042086,-0.110866,-0.053469,-0.100202,0.016629,0.155672,0.155672,-0.106727,-0.071963,-0.082183
-0.085387,0.017372,0.154339,0.031771,0.017440,-0.013374,0.087606,0.102641,-0.014512,-0.014512,0.042162,-0.210593,-0.120642,0.052093,0.242338,0.242338,-0.260297,-0.083976,-0.153750,-0.000525,-0.317521,-0.269850,-0.317877,-0.253314,-0.253314,0.230722,-0.263966,-0.143322,-0.281131,-0.276272,-0.598190,-0.598190,-0.428174,0.624692,-0.501503,-0.598190,0.313997,-0.428174,-0.847375,1.000001,-0.370883,1.000000,-0.426200,-0.811306,-0.811306,-0.372002,-0.811306,-0.811306,0.996627,-0.600234,-0.349558,-0.983063,-0.410002,-0.340340,-0.769727,-0.545390,-0.767045,-0.767045,-0.926794,0.086865,-0.513567,0.086865,0.086865,-0.513567,0.086865,-0.342139,-0.313795,-0.179114,-0.313795,0.090174,-0.313115,-0.347916,-0.514140,0.081886,0.081832,0.081886,0.031763,0.031659,-0.382353,0.031659,0.031659,0.055839,-0.009404,-0.018138,-0.022555,0.012926,-0.043492,0.032096,-0.072586,-0.006614,-0.027161,0.112939,-0.006294,0.074986,-0.027625,-0.040925,-0.040925,0.082625,0.065167,0.057181
0.047748,0.101740,-0.109017,-0.061583,0.094395,0.211093,-0.000667,0.016494,-0.091586,-0.091586,0.049457,-0.041656,-0.128951,0.025903,-0.129347,-0.129347,-0.029440,0.028757,-0.130680,-0.050335,0.049812,0.128462,0.057178,0.133265,0.133265,-0.128959,0.167318,0.000547,0.659124,0.638217,0.150385,0.150385,0.153396,-0.316709,-0.212098,0.150385,-0.158565,0.153396,0.030611,-0.426200,0.854824,-0.426200,1.000000,0.535834,0.535834,-0.143214,0.535834,0.535834,-0.424720,0.696036,-0.143214,0.401921,0.952084,-0.139043,0.493756,-0.212374,0.489612,0.489612,0.377483,0.274490,-0.229987,0.274490,0.274490,-0.229987,0.274490,0.056034,0.065558,0.391668,0.065558,0.304138,0.077828,0.076807,-0.202897,0.312017,0.304073,0.312017,0.300387,0.292399,0.056542,0.292399,0.292399,-0.079372,0.108815,0.155453,0.173809,0.180165,0.196500,-0.092331,0.056997,-0.088528,-0.068349,-0.151808,-0.068949,-0.145891,-0.007387,0.204170,0.204170,-0.136949,-0.089818,-0.105467
0.110135,-0.044350,-0.179406,-0.094034,-0.046660,0.053452,-0.055109,-0.155661,-0.010554,-0.010554,-0.147316,0.312313,0.165541,-0.160200,-0.212214,-0.212214,0.313556,0.097085,0.134520,-0.140088,0.246392,0.145587,0.248308,0.107206,0.107206,-0.143820,0.137873,0.114402,0.364942,0.352591,0.726488,0.726488,-0.073617,-0.461728,0.598917,0.726488,-0.279621,-0.073617,0.609265,-0.811306,0.447326,-0.811306,0.535834,1.000000,1.000000,-0.240858,1.000000,1.000000,-0.808464,0.258680,-0.252591,0.798406,0.509228,-0.256297,0.943092,0.666156,0.939482,0.939482,0.727627,0.015708,0.617712,0.015708,0.015708,0.617712,0.015708,0.516456,0.480219,0.241784,0.480219,-0.009263,0.463562,0.484332,0.607756,-0.002234,-0.003986,-0.002234,-0.018186,-0.019939,0.471221,-0.019939,-0.019939,-0.078833,0.070843,0.065449,0.053779,0.048124,0.065779,-0.095553,0.065131,-0.062244,-0.017683,-0.113269,-0.057866,-0.065897,0.053875,0.044412,0.044412,-0.070263,-0.045841,-0.037931
0.110135,-0.044350,-0.179406,-0.094034,-0.046660,0.053452,-0.055109,-0.155661,-0.010554,-0.010554,-0.147316,0.312313,0.165541,-0.160200,-0.212214,-0.212214,0.313556,0.097085,0.134520,-0.140088,0.246392,0.145587,0.248308,0.107206,0.107206,-0.143820,0.137873,0.114402,0.364942,0.352591,0.726488,0.726488,-0.073617,-0.461728,0.598917,0.726488,-0.279621,-0.073617,0.609265,-0.811306,0.447326,-0.811306,0.535834,1.000000,1.000000,-0.240858,1.000000,1.000000,-0.808464,0.258680,-0.252591,0.798406,0.509228,-0.256297,0.943092,0.666156,0.939482,0.939482,0.727627,0.015708,0.617712,0.015708,0.015708,0.617712,0.015708,0.516456,0.480219,0.241784,0.480219,-0.009263,0.463562,0.484332,0.607756,-0.002234,-0.003986,-0.002234,-0.018186,-0.019939,0.471221,-0.019939,-0.019939,-0.078833,0.070843,0.065449,0.053779,0.048124,0.065779,-0.095553,0.065131,-0.062244,-0.017683,-0.113269,-0.057866,-0.065897,0.053875,0.044412,0.044412,-0.070263,-0.045841,-0.037931
-0.033111,0.041576,0.028625,0.096558,0.045132,-0.062666,-0.057940,0.076752,0.040850,0.040850,0.163906,-0.146258,-0.062554,0.167876,-0.065376,-0.065376,-0.065717,-0.014733,0.041664,0.223298,0.135926,0.216837,0.133474,0.250323,0.250323,-0.154683,0.219315,0.056296,-0.112717,-0.101174,-0.160394,-0.160394,0.827721,-0.303977,-0.118359,-0.160394,-0.077314,0.827721,0.439412,-0.372002,-0.094519,-0.372002,-0.143214,-0.240858,-0.240858,1.000000,-0.240858,-0.240858,-0.370915,0.585761,0.981372,0.364365,-0.127860,0.971952,-0.219530,-0.152258,-0.218251,-0.218251,0.383331,-0.169150,-0.128173,-0.169150,-0.169150,-0.128173,-0.169150,-0.252000,-0.241520,-0.086537,-0.241520,-0.134996,-0.216202,-0.191405,-0.111415,-0.132395,-0.129523,-0.132395,-0.023857,-0.020901,-0.113418,-0.020901,-0.020901,0.032466,-0.096870,-0.073804,-0.047943,-0.097869,-0.032236,0.098431,0.017092,0.109809,0.073167,-0.007653,0.102326,-0.019860,-0.039679,-0.002574,-0.002574,-0.025610,-0.035403,-0.034704
0.110135,-0.044350,-0.179406,-0.094034,-0.046660,0.053452,-0.055109,-0.155661,-0.010554,-0.010554,-0.147316,0.312313,0.165541,-0.160200,-0.212214,-0.212214,0.313556,0.097085,0.134520,-0.140088,0.246392,0.145587,0.248308,0.107206,0.107206,-0.143820,0.137873,0.114402,0.364942,0.352591,0.726488,0.726488,-0.073617,-0.461728,0.598917,0.726488,-0.279621,-0.073617,0.609265,-0.811306,0.447326,-0.811306,0.535834,1.000000,1.000000,-0.240858,1.000000,1.000000,-0.808464,0.258680,-0.252591,0.798406,0.509228,-0.256297,0.943092,0.666156,0.939482,0.939482,0.727627,0.015708,0.617712,0.015708,0.015708,0.617712,0.015708,0.516456,0.480219,0.241784,0.480219,-0.009263,0.463562,0.484332,0.607756,-0.002234,-0.003986,-0.002234,-0.018186,-0.019939,0.471221,-0.019939,-0.019939,-0.078833,0.070843,0.065449,0.053779,0.048124,0.065779,-0.095553,0.065131,-0.062244,-0.017683,-0.113269,-0.057866,-0.065897,0.053875,0.044412,0.044412,-0.070263,-0.045841,-0.037931
0.110135,-0.044350,-0.179406,-0.094034,-0.046660,0.053452,-0.055109,-0.155661,-0.010554,-0.010554,-0.147316,0.312313,0.165541,-0.160200,-0.212214,-0.212214,0.313556,0.097085,0.134520,-0.140088,0.246392,0.145587,0.248308,0.107206,0.107206,-0.143820,0.137873,0.114402,0.364942,0.352591,0.726488,0.726488,-0.073617,-0.461728,0.598917,0.726488,-0.279621,-0.073617,0.609265,-0.811306,0.447326,-0.811306,0.535834,1.000000,1.000000,-0.240858,1.000000,1.000000,-0.808464,0.258680,-0.252591,0.798406,0.509228,-0.256297,0.943092,0.666156,0.939482,0.939482,0.727627,0.015708,0.617712,0.015708,0.015708,0.617712,0.015708,0.516456,0.480219,0.241784,0.480219,-0.009263,0.463562,0.484332,0.607756,-0.002234,-0.003986,-0.002234,-0.018186,-0.019939,0.471221,-0.019939,-0.019939,-0.078833,0.070843,0.065449,0.053779,0.048124,0.065779,-0.095553,0.065131,-0.062244,-0.017683,-0.113269,-0.057866,-0.065897,0.053875,0.044412,0.044412,-0.070263,-0.045841,-0.037931
-0.083730,0.021791,0.156569,0.034941,0.021876,-0.012127,0.089635,0.105972,-0.016444,-0.016444,0.045413,-0.207094,-0.118311,0.055350,0.240275,0.240275,-0.256304,-0.082545,-0.151356,0.002109,-0.313559,-0.267087,-0.313881,-0.251015,-0.251015,0.229530,-0.261553,-0.142579,-0.279988,-0.275203,-0.595989,-0.595989,-0.426904,0.625223,-0.499689,-0.595989,0.303697,-0.426904,-0.844402,0.996627,-0.369736,0.996627,-0.424720,-0.808464,-0.808464,-0.370915,-0.808464,-0.808464,1.000000,-0.606119,-0.359654,-0.986438,-0.408410,-0.350493,-0.767058,-0.543579,-0.764362,-0.764362,-0.930419,0.091121,-0.511860,0.091121,0.091121,-0.511860,0.091121,-0.337066,-0.308994,-0.178258,-0.308994,0.093953,-0.308351,-0.343461,-0.512462,0.085747,0.085665,0.085747,0.035619,0.035486,-0.377749,0.035486,0.035486,0.052945,-0.004559,-0.014633,-0.019363,0.016214,-0.038338,0.027097,-0.069755,-0.013275,-0.030170,0.111601,-0.012850,0.081344,-0.024746,-0.037311,-0.037311,0.081934,0.070349,0.062207
0.016316,0.083407,-0.070354,0.016906,0.079471,0.131128,-0.041383,0.067782,-0.039062,-0.039062,0.144952,-0.137656,-0.151159,0.139808,-0.135471,-0.135471,-0.070755,0.013497,-0.079154,0.115557,0.145928,0.259473,0.150330,0.275532,0.275532,-0.216087,0.259928,0.064907,0.435623,0.425395,-0.005925,-0.005925,0.699486,-0.469421,-0.259527,-0.005925,-0.170577,0.699486,0.326976,-0.600234,0.606113,-0.600234,0.696036,0.258680,0.258680,0.585761,0.258680,0.258680,-0.606119,1.000000,0.585761,0.606376,0.700489,0.582658,0.255306,-0.283645,0.252766,0.252766,0.591481,0.117978,-0.281298,0.117978,0.117978,-0.281298,0.117978,-0.123097,-0.115757,0.264251,-0.115757,0.157421,-0.087727,-0.071101,-0.256798,0.165796,0.161223,0.165796,0.232623,0.228073,-0.032972,0.228073,0.228073,-0.034171,-0.003214,0.048680,0.089723,0.060598,0.123647,0.013153,0.059373,0.027083,0.012990,-0.131451,0.037958,-0.143611,-0.034094,0.149039,0.149039,-0.131766,-0.108387,-0.120911
-0.033111,0.041576,0.028625,0.080307,0.045132,-0.062666,-0.057940,0.076752,0.040850,0.040850,0.163906,-0.159281,-0.062554,0.167876,-0.052600,-0.052600,-0.077629,-0.014733,0.041664,0.223298,0.123465,0.202517,0.120995,0.233966,0.233966,-0.142299,0.203442,0.056296,-0.112717,-0.101174,-0.160394,-0.160394,0.811869,-0.303977,-0.118359,-0.160394,-0.055213,0.811869,0.416458,-0.349558,-0.094519,-0.349558,-0.143214,-0.252591,-0.252591,0.981372,-0.252591,-0.252591,-0.359654,0.585761,1.000000,0.364365,-0.127860,0.990683,-0.219530,-0.152258,-0.218251,-0.218251,0.394544,-0.182269,-0.128173,-0.182269,-0.182269,-0.128173,-0.182269,-0.263288,-0.241520,-0.086537,-0.241520,-0.134996,-0.216202,-0.191405,-0.111415,-0.132395,-0.129523,-0.132395,-0.023857,-0.020901,-0.113418,-0.020901,-0.020901,0.019894,-0.120813,-0.073804,-0.047943,-0.097869,-0.032236,0.098431,0.017092,0.126281,0.073167,-0.007653,0.118720,-0.031882,-0.039679,-0.015832,-0.015832,-0.025610,-0.047971,-0.047303
0.087627,-0.039121,-0.153162,-0.038639,-0.039465,0.014713,-0.086175,-0.100011,0.019714,0.019714,-0.049163,0.207658,0.123794,-0.049191,-0.222890,-0.222890,0.258864,0.085979,0.157191,0.003163,0.323647,0.265797,0.324039,0.237568,0.237568,-0.226002,0.229806,0.166296,0.256516,0.250690,0.589225,0.589225,0.413203,-0.621753,0.506736,0.589225,-0.299722,0.413203,0.835316,-0.983063,0.342733,-0.983063,0.401921,0.798406,0.798406,0.364365,0.798406,0.798406,-0.986438,0.606376,0.364365,1.000000,0.414389,0.355150,0.777644,0.550919,0.774957,0.774957,0.943041,-0.083203,0.518774,-0.083203,-0.083203,0.518774,-0.083203,0.349542,0.320734,0.181190,0.320734,-0.087011,0.320012,0.354741,0.510912,-0.078583,-0.078557,-0.078583,-0.028124,-0.028049,0.389561,-0.028049,-0.028049,-0.059113,-0.021864,-0.002587,0.008045,-0.026914,0.034529,-0.019765,0.075911,0.029863,0.039934,-0.115047,0.029505,-0.083670,0.030691,0.020780,0.020780,-0.083879,-0.075621,-0.067773
0.052049,0.073472,-0.086109,-0.044835,0.065502,0.219457,0.001804,0.021300,-0.076761,-0.076761,0.026625,-0.048195,-0.143634,0.016687,-0.104016,-0.104016,-0.033666,0.032138,-0.144586,-0.032045,0.080489,0.150306,0.088164,0.141975,0.141975,-0.135821,0.149526,0.033129,0.602363,0.578194,0.117106,0.117106,0.162125,-0.299902,-0.213449,0.117106,-0.160609,0.162125,0.020079,-0.410002,0.792528,-0.410002,0.952084,0.509228,0.509228,-0.127860,0.509228,0.509228,-0.408410,0.700489,-0.127860,0.414389,1.000000,-0.139898,0.516712,-0.213515,0.512446,0.512446,0.398361,0.265697,-0.231982,0.265697,0.265697,-0.231982,0.265697,0.047088,0.046724,0.454713,0.046724,0.281532,0.059388,0.057488,-0.216269,0.289950,0.281690,0.289950,0.278367,0.270069,0.036902,0.270069,0.270069,-0.075287,0.077331,0.118400,0.145121,0.165522,0.178930,-0.077169,0.063215,-0.072040,-0.052094,-0.148109,-0.051845,-0.141556,-0.003308,0.181094,0.181094,-0.132108,-0.096406,-0.112747
-0.030035,0.049052,0.031588,0.069490,0.052654,-0.060853,-0.055392,0.082110,0.037942,0.037942,0.153381,-0.153096,-0.058313,0.157280,-0.044887,-0.044887,-0.069891,-0.011943,0.046769,0.210479,0.120052,0.195391,0.117608,0.224093,0.224093,-0.133951,0.194142,0.058674,-0.109788,-0.098333,-0.166793,-0.166793,0.804954,-0.297299,-0.127170,-0.166793,-0.052257,0.804954,0.405532,-0.340340,-0.090960,-0.340340,-0.139043,-0.256297,-0.256297,0.971952,-0.256297,-0.256297,-0.350493,0.582658,0.990683,0.355150,-0.139898,1.000000,-0.235583,-0.160641,-0.234425,-0.234425,0.384794,-0.176688,-0.137010,-0.176688,-0.176688,-0.137010,-0.176688,-0.265633,-0.244276,-0.112616,-0.244276,-0.129970,-0.218858,-0.194458,-0.120219,-0.127170,-0.124329,-0.127170,-0.017759,-0.014834,-0.115633,-0.014834,-0.014834,0.027503,-0.113357,-0.068269,-0.042763,-0.093007,-0.035573,0.105061,0.006574,0.132487,0.068717,-0.010580,0.124980,-0.034003,-0.051422,-0.009668,-0.009668,-0.027380,-0.039992,-0.039533
0.111785,-0.071867,-0.156088,-0.070478,-0.074975,0.072945,-0.064307,-0.142001,0.020827,0.020827,-0.134329,0.294590,0.175425,-0.137320,-0.200065,-0.200065,0.305146,0.107321,0.148023,-0.160661,0.267750,0.155911,0.270118,0.103050,0.103050,-0.135152,0.117582,0.133695,0.341177,0.325581,0.763842,0.763842,-0.083790,-0.518090,0.656551,0.763842,-0.253188,-0.083790,0.585251,-0.769727,0.386782,-0.769727,0.493756,0.943092,0.943092,-0.219530,0.943092,0.943092,-0.767058,0.255306,-0.219530,0.777644,0.516712,-0.235583,1.000000,0.717890,0.996251,0.996251,0.792388,-0.059363,0.665718,-0.059363,-0.059363,0.665718,-0.059363,0.491221,0.521301,0.283391,0.521301,-0.012094,0.504047,0.521258,0.646425,-0.020998,-0.023238,-0.020998,-0.025395,-0.027623,0.497343,-0.027623,-0.027623,-0.061072,0.044341,0.041720,0.027288,0.023984,0.061090,-0.088558,0.081236,-0.045334,-0.003332,-0.123947,-0.039933,-0.076046,0.066873,0.024275,0.024275,-0.077680,-0.045205,-0.031275
0.080776,-0.144780,-0.092265,-0.051267,-0.141605,-0.103022,-0.080031,-0.189238,0.075980,0.075980,-0.185162,0.380245,0.316647,-0.180210,-0.136882,-0.136882,0.377816,0.092890,0.285335,-0.151774,0.238763,0.055569,0.234986,0.004223,0.004223,-0.046459,0.013959,0.123711,-0.116375,-0.113896,0.774219,0.774219,-0.216393,-0.343130,0.929407,0.774219,-0.162621,-0.216393,0.645218,-0.545390,-0.198270,-0.545390,-0.212374,0.666156,0.666156,-0.152258,0.666156,0.666156,-0.543579,-0.283645,-0.152258,0.550919,-0.213515,-0.160641,0.717890,1.000000,0.717175,0.717175,0.574269,-0.291593,0.955717,-0.291593,-0.291593,0.955717,-0.291593,0.521349,0.557262,-0.037174,0.557262,-0.248347,0.526764,0.548870,0.920294,-0.266014,-0.261594,-0.266014,-0.261833,-0.257368,0.537873,-0.257368,-0.257368,-0.009129,0.000869,-0.040098,-0.076516,-0.087762,-0.074946,-0.035840,0.033351,0.000000,0.028004,-0.014749,-0.010846,0.033753,0.072851,-0.113598,-0.113598,0.023471,0.035084,0.056007
0.114490,-0.067670,-0.155193,-0.067647,-0.070778,0.074728,-0.062854,-0.139670,0.018957,0.018957,-0.131815,0.292427,0.168597,-0.134852,-0.204283,-0.204283,0.304457,0.109755,0.141645,-0.158790,0.274639,0.160718,0.277056,0.107005,0.107005,-0.145947,0.121779,0.135773,0.345369,0.329588,0.772733,0.772733,-0.081337,-0.522794,0.664064,0.772733,-0.266677,-0.081337,0.587535,-0.767045,0.380359,-0.767045,0.489612,0.939482,0.939482,-0.218251,0.939482,0.939482,-0.764362,0.252766,-0.218251,0.774957,0.512446,-0.234425,0.996251,0.717175,1.000000,1.000000,0.796504,-0.063906,0.664334,-0.063906,-0.063906,0.664334,-0.063906,0.486226,0.516196,0.286572,0.516196,-0.017503,0.498839,0.515669,0.644895,-0.026306,-0.028597,-0.026306,-0.030511,-0.032787,0.491859,-0.032787,-0.032787,-0.064685,0.042100,0.045728,0.030900,0.027547,0.067046,-0.085190,0.084959,-0.042085,0.001811,-0.126485,-0.036593,-0.085396,0.070398,0.028384,0.028384,-0.086806,-0.048256,-0.034401
0.114490,-0.067670,-0.155193,-0.067647,-0.070778,0.074728,-0.062854,-0.139670,0.018957,0.018957,-0.131815,0.292427,0.168597,-0.134852,-0.204283,-0.204283,0.304457,0.109755,0.141645,-0.158790,0.274639,0.160718,0.277056,0.107005,0.107005,-0.145947,0.121779,0.135773,0.345369,0.329588,0.772733,0.772733,-0.081337,-0.522794,0.664064,0.772733,-0.266677,-0.081337,0.587535,-0.767045,0.380359,-0.767045,0.489612,0.939482,0.939482,-0.218251,0.939482,0.939482,-0.764362,0.252766,-0.218251,0.774957,0.512446,-0.234425,0.996251,0.717175,1.000000,1.000000,0.796504,-0.063906,0.664334,-0.063906,-0.063906,0.664334,-0.063906,0.486226,0.516196,0.286572,0.516196,-0.017503,0.498839,0.515669,0.644895,-0.026306,-0.028597,-0.026306,-0.030511,-0.032787,0.491859,-0.032787,-0.032787,-0.064685,0.042100,0.045728,0.030900,0.027547,0.067046,-0.085190,0.084959,-0.042085,0.001811,-0.126485,-0.036593,-0.085396,0.070398,0.028384,0.028384,-0.086806,-0.048256,-0.034401
0.082445,-0.047324,-0.122281,-0.022788,-0.048337,0.037853,-0.087241,-0.073580,0.055974,0.055974,-0.042965,0.188721,0.132182,-0.043631,-0.220374,-0.220374,0.252527,0.101423,0.170227,-0.026775,0.338313,0.279486,0.339223,0.244494,0.244494,-0.216233,0.240940,0.166780,0.266068,0.257785,0.633529,0.633529,0.413507,-0.682183,0.551826,0.633529,-0.276716,0.413507,0.793415,-0.926794,0.311263,-0.926794,0.377483,0.727627,0.727627,0.383331,0.727627,0.727627,-0.930419,0.591481,0.394544,0.943041,0.398361,0.384794,0.792388,0.574269,0.796504,0.796504,1.000000,-0.162082,0.554445,-0.162082,-0.162082,0.554445,-0.162082,0.304292,0.344314,0.207046,0.344314,-0.092432,0.343089,0.372730,0.546096,-0.107135,-0.099235,-0.107135,-0.045019,-0.037092,0.398247,-0.037092,-0.037092,-0.038582,-0.020825,0.004797,0.004397,-0.028590,0.043379,-0.023909,0.083783,0.029741,0.034138,-0.123213,0.030685,-0.097083,0.034576,0.024202,0.024202,-0.093909,-0.062178,-0.049247
-0.029986,-0.022755,-0.114059,-0.129827,-0.017914,0.076589,0.029321,-0.088497,-0.136351,-0.136351,0.100492,0.025395,-0.057576,0.094931,0.011798,0.011798,-0.055864,-0.149463,-0.066554,-0.095205,-0.084788,0.037453,-0.080503,-0.044216,-0.044216,-0.022967,-0.048354,0.075021,-0.079373,-0.106867,-0.317208,-0.317208,0.040684,-0.366102,-0.289502,-0.317208,0.468040,0.040684,-0.352145,0.086865,0.353711,0.086865,0.274490,0.015708,0.015708,-0.169150,0.015708,0.015708,0.091121,0.117978,-0.182269,-0.083203,0.265697,-0.176688,-0.059363,-0.291593,-0.063906,-0.063906,-0.162082,1.000000,-0.281851,1.000001,1.000001,-0.281851,1.000001,0.627596,0.547634,-0.097457,0.547634,0.889892,0.550194,0.488623,-0.267419,0.886719,0.892403,0.886719,0.833828,0.839247,0.466086,0.839247,0.839247,0.091157,-0.022450,-0.149262,-0.143729,-0.183352,-0.143860,0.032803,0.018336,-0.027064,0.016475,0.160997,-0.026894,0.185557,0.036353,-0.203205,-0.203206,0.180679,0.144489,0.113708
0.103848,-0.163059,-0.075022,-0.078762,-0.160369,-0.090329,-0.062216,-0.170585,0.073693,0.073693,-0.178328,0.365548,0.339895,-0.173674,-0.095230,-0.095230,0.331845,0.019790,0.310549,-0.138641,0.187500,-0.009159,0.183887,-0.057943,-0.057943,-0.014014,-0.043474,0.113338,-0.128797,-0.128347,0.731170,0.731170,-0.189134,-0.334280,0.890087,0.731170,-0.143539,-0.189134,0.619092,-0.513567,-0.213611,-0.513567,-0.229987,0.617712,0.617712,-0.128173,0.617712,0.617712,-0.511860,-0.281298,-0.128173,0.518774,-0.231982,-0.137010,0.665718,0.955717,0.664334,0.664334,0.554445,-0.281851,1.000000,-0.281851,-0.281851,0.999999,-0.281851,0.565903,0.598544,-0.062973,0.598544,-0.245488,0.567191,0.586921,0.963679,-0.262088,-0.257934,-0.262088,-0.255810,-0.251610,0.578640,-0.251610,-0.251610,0.031444,0.019340,-0.041196,-0.085523,-0.095614,-0.088398,-0.017381,0.021443,0.012291,0.034601,-0.024985,0.002016,0.030264,0.070417,-0.123179,-0.123179,0.021892,0.025044,0.044734
-0.029986,-0.022755,-0.114059,-0.129827,-0.017914,0.076589,0.029321,-0.088497,-0.136351,-0.136351,0.100492,0.025395,-0.057576,0.094931,0.011798,0.011798,-0.055864,-0.149463,-0.066554,-0.095205,-0.084788,0.037453,-0.080503,-0.044216,-0.044216,-0.022967,-0.048354,0.075021,-0.079373,-0.106867,-0.317208,-0.317208,0.040684,-0.366102,-0.289502,-0.317208,0.468040,0.040684,-0.352145,0.086865,0.353711,0.086865,0.274490,0.015708,0.015708,-0.169150,0.015708,0.015708,0.091121,0.117978,-0.182269,-0.083203,0.265697,-0.176688,-0.059363,-0.291593,-0.063906,-0.063906,-0.162082,1.000001,-0.281851,1.000000,1.000001,-0.281851,1.000001,0.627596,0.547634,-0.097457,0.547634,0.889892,0.550194,0.488623,-0.267419,0.886719,0.892403,0.886719,0.833828,0.839247,0.466086,0.839247,0.839247,0.091157,-0.022450,-0.149262,-0.143729,-0.183352,-0.143860,0.032803,0.018336,-0.027064,0.016475,0.160997,-0.026894,0.185557,0.036353,-0.203205,-0.203206,0.180679,0.144489,0.113708
-0.029986,-0.022755,-0.114059,-0.129827,-0.017914,0.076589,0.029321,-0.088497,-0.136351,-0.136351,0.100492,0.025395,-0.057576,0.094931,0.011798,0.011798,-0.055864,-0.149463,-0.066554,-0.095205,-0.084788,0.037453,-0.080503,-0.044216,-0.044216,-0.022967,-0.048354,0.075021,-0.079373,-0.106867,-0.317208,-0.317208,0.040684,-0.366102,-0.289502,-0.317208,0.468040,0.040684,-0.352145,0.086865,0.353711,0.086865,0.274490,0.015708,0.015708,-0.169150,0.015708,0.015708,0.091121,0.117978,-0.182269,-0.083203,0.265697,-0.176688,-0.059363,-0.291593,-0.063906,-0.063906,-0.162082,1.000001,-0.281851,1.000001,1.000000,-0.281851,1.000001,0.627596,0.547634,-0.097457,0.547634,0.889892,0.550194,0.488623,-0.267419,0.886719,0.892403,0.886719,0.833828,0.839247,0.466086,0.839247,0.839247,0.091157,-0.022450,-0.149262,-0.143729,-0.183352,-0.143860,0.032803,0.018336,-0.027064,0.016475,0.160997,-0.026894,0.185557,0.036353,-0.203205,-0.203206,0.180679,0.144489,0.113708
0.103848,-0.163059,-0.075022,-0.078762,-0.160369,-0.090329,-0.062216,-0.170585,0.073693,0.073693,-0.178328,0.365548,0.339895,-0.173674,-0.095230,-0.095230,0.331845,0.019790,0.310549,-0.138641,0.187500,-0.009159,0.183887,-0.057943,-0.057943,-0.014014,-0.043474,0.113338,-0.128797,-0.128347,0.731170,0.731170,-0.189134,-0.334280,0.890087,0.731170,-0.143539,-0.189134,0.619092,-0.513567,-0.213611,-0.513567,-0.229987,0.617712,0.617712,-0.128173,0.617712,0.617712,-0.511860,-0.281298,-0.128173,0.518774,-0.231982,-0.137010,0.665718,0.955717,0.664334,0.664334,0.554445,-0.281851,0.999999,-0.281851,-0.281851,1.000000,-0.281851,0.565903,0.598544,-0.062973,0.598544,-0.245488,0.567191,0.586921,0.963679,-0.262088,-0.257934,-0.262088,-0.255810,-0.251610,0.578640,-0.251610,-0.251610,0.031444,0.019340,-0.041196,-0.085523,-0.095614,-0.088398,-0.017381,0.021443,0.012291,0.034601,-0.024985,0.002016,0.030264,0.070417,-0.123179,-0.123179,0.021892,0.025044,0.044734
-0.029986,-0.022755,-0.114059,-0.129827,-0.017914,0.076589,0.029321,-0.088497,-0.136351,-0.136351,0.100492,0.025395,-0.057576,0.094931,0.011798,0.011798,-0.055864,-0.149463,-0.066554,-0.095205,-0.084788,0.037453,-0.080503,-0.044216,-0.044216,-0.022967,-0.048354,0.075021,-0.079373,-0.106867,-0.317208,-0.317208,0.040684,-0.366102,-0.289502,-0.317208,0.468040,0.040684,-0.352145,0.086865,0.353711,0.086865,0.274490,0.015708,0.015708,-0.169150,0.015708,0.015708,0.091121,0.117978,-0.182269,-0.083203,0.265697,-0.176688,-0.059363,-0.291593,-0.063906,-0.063906,-0.162082,1.000001,-0.281851,1.000001,1.000001,-0.281851,1.000000,0.627596,0.547634,-0.097457,0.547634,0.889892,0.550194,0.488623,-0.267419,0.886719,0.892403,0.886719,0.833828,0.839247,0.466086,0.839247,0.839247,0.091157,-0.022450,-0.149262,-0.143729,-0.183352,-0.143860,0.032803,0.018336,-0.027064,0.016475,0.160997,-0.026894,0.185557,0.036353,-0.203205,-0.203206,0.180679,0.144489,0.113708
0.069945,-0.147633,-0.160740,-0.168870,-0.141203,-0.008741,-0.027013,-0.217622,-0.062649,-0.062649,-0.061435,0.314398,0.223669,-0.062414,-0.056508,-0.056508,0.216450,-0.114259,0.191939,-0.197122,0.074196,0.021070,0.074914,-0.088283,-0.088283,-0.029132,-0.080248,0.155321,-0.175000,-0.198199,0.316419,0.316419,-0.121337,-0.584737,0.470012,0.316419,0.284195,-0.121337,0.200665,-0.342139,0.128441,-0.342139,0.056034,0.516456,0.516456,-0.252000,0.516456,0.516456,-0.337066,-0.123097,-0.263288,0.349542,0.047088,-0.265633,0.491221,0.521349,0.486226,0.486226,0.304292,0.627596,0.565903,0.627596,0.627596,0.565903,0.627596,1.000000,0.958023,-0.136468,0.958023,0.562871,0.934793,0.898157,0.548858,0.555056,0.554843,0.555056,0.514438,0.514072,0.871794,0.514072,0.514072,0.107057,-0.008502,-0.165450,-0.196380,-0.238637,-0.200868,0.019235,0.030094,-0.006653,0.045189,0.119975,-0.014953,0.185398,0.085468,-0.278615,-0.278615,0.174213,0.147301,0.136951
0.054852,-0.150606,-0.137673,-0.167101,-0.144688,-0.010435,-0.052900,-0.222846,-0.058499,-0.058499,-0.040665,0.304140,0.237340,-0.042053,-0.063021,-0.063021,0.213755,-0.106180,0.208958,-0.227588,0.064348,0.008609,0.065404,-0.105395,-0.105395,-0.017563,-0.093715,0.149087,-0.146118,-0.170310,0.369577,0.369577,-0.132199,-0.641493,0.512593,0.369577,0.307309,-0.132199,0.179400,-0.313795,0.127449,-0.313795,0.065558,0.480219,0.480219,-0.241520,0.480219,0.480219,-0.308994,-0.115757,-0.241520,0.320734,0.046724,-0.244276,0.521301,0.557262,0.516196,0.516196,0.344314,0.547634,0.598544,0.547634,0.547634,0.598544,0.547634,0.958023,1.000000,-0.116227,1.000001,0.577882,0.976507,0.937202,0.581265,0.554786,0.554177,0.554786,0.525269,0.524514,0.900712,0.524514,0.524514,0.119187,-0.002953,-0.158403,-0.196978,-0.237608,-0.188051,0.014099,0.041516,-0.013203,0.038191,0.111571,-0.020470,0.176050,0.093722,-0.275704,-0.275704,0.167384,0.157317,0.145270
0.115405,0.085198,0.021977,-0.011511,0.088073,0.291934,0.058292,0.139546,0.129430,0.129430,-0.011678,0.001502,-0.088320,-0.009532,0.001052,0.001052,-0.041993,-0.065011,-0.101927,-0.074526,-0.040640,0.015331,-0.042344,-0.067087,-0.067087,0.026314,-0.079745,-0.074150,0.593992,0.621782,0.311193,0.311193,-0.093739,-0.165734,-0.023352,0.311193,-0.050239,-0.093739,0.213818,-0.179114,-0.093104,-0.179114,0.391668,0.241784,0.241784,-0.086537,0.241784,0.241784,-0.178258,0.264251,-0.086537,0.181190,0.454713,-0.112616,0.283391,-0.037174,0.286572,0.286572,0.207046,-0.097457,-0.062973,-0.097457,-0.097457,-0.062973,-0.097457,-0.136468,-0.116227,1.000000,-0.116227,-0.100480,-0.114467,-0.132851,-0.061194,-0.107512,-0.105752,-0.107512,-0.097153,-0.095370,-0.131176,-0.095370,-0.095370,-0.117625,0.068625,0.129878,0.115339,0.148028,0.113141,-0.087522,-0.019344,-0.074069,-0.058663,-0.083167,-0.078041,-0.092475,-0.005129,0.114216,0.114216,-0.067244,-0.049892,-0.060597
0.054852,-0.150606,-0.137673,-0.167101,-0.144688,-0.010435,-0.052900,-0.222846,-0.058499,-0.058499,-0.040665,0.304140,0.237340,-0.042053,-0.063021,-0.063021,0.213755,-0.106180,0.208958,-0.227588,0.064348,0.008609,0.065404,-0.105395,-0.105395,-0.017563,-0.093715,0.149087,-0.146118,-0.170310,0.369577,0.369577,-0.132199,-0.641493,0.512593,0.369577,0.307309,-0.132199,0.179400,-0.313795,0.127449,-0.313795,0.065558,0.480219,0.480219,-0.241520,0.480219,0.480219,-0.308994,-0.115757,-0.241520,0.320734,0.046724,-0.244276,0.521301,0.557262,0.516196,0.516196,0.344314,0.547634,0.598544,0.547634,0.547634,0.598544,0.547634,0.958023,1.000001,-0.116227,1.000000,0.577882,0.976507,0.937202,0.581265,0.554786,0.554177,0.554786,0.525269,0.524514,0.900712,0.524514,0.524514,0.119187,-0.002953,-0.158403,-0.196978,-0.237608,-0.188051,0.014099,0.041516,-0.013203,0.038191,0.111571,-0.020470,0.176050,0.093722,-0.275704,-0.275704,0.167384,0.157317,0.145270
-0.104686,-0.040235,-0.090280,-0.117494,-0.036221,0.052928,-0.076861,-0.161718,-0.178861,-0.178861,0.155092,0.021969,-0.051959,0.148106,-0.030151,-0.030151,-0.050685,-0.144558,-0.053032,-0.116749,-0.045353,0.069611,-0.039820,-0.034388,-0.034388,0.006380,-0.043528,0.092935,-0.053273,-0.086709,-0.263366,-0.263366,0.058487,-0.420069,-0.241565,-0.263366,0.547122,0.058487,-0.365760,0.090174,0.390051,0.090174,0.304138,-0.009263,-0.009263,-0.134996,-0.009263,-0.009263,0.093953,0.157421,-0.134996,-0.087011,0.281532,-0.129970,-0.012094,-0.248347,-0.017503,-0.017503,-0.092432,0.889892,-0.245488,0.889892,0.889892,-0.245488,0.889892,0.562871,0.577882,-0.100480,0.577882,1.000000,0.579882,0.607455,-0.230903,0.979089,0.984243,0.979089,0.938553,0.943429,0.574131,0.943429,0.943429,0.067802,-0.079786,-0.140085,-0.130245,-0.170744,-0.096715,0.062008,0.056991,0.000000,0.063157,0.090424,0.002316,0.117181,0.082525,-0.190930,-0.190930,0.118087,0.081985,0.044390
0.056658,-0.145908,-0.151985,-0.173397,-0.139988,-0.009125,-0.034982,-0.192225,-0.039278,-0.039278,-0.057260,0.307591,0.239483,-0.058727,-0.081079,-0.081079,0.225236,-0.089129,0.211349,-0.224407,0.084170,0.020855,0.085280,-0.082353,-0.082353,-0.034358,-0.061613,0.128862,-0.129913,-0.153707,0.372926,0.372926,-0.110107,-0.661396,0.506449,0.372926,0.308488,-0.110107,0.177972,-0.313115,0.140088,-0.313115,0.077828,0.463562,0.463562,-0.216202,0.463562,0.463562,-0.308351,-0.087727,-0.216202,0.320012,0.059388,-0.218858,0.504047,0.526764,0.498839,0.498839,0.343089,0.550194,0.567191,0.550194,0.550194,0.567191,0.550194,0.934793,0.976507,-0.114467,0.976507,0.579882,1.000000,0.961001,0.599964,0.565373,0.564743,0.565373,0.536061,0.535285,0.924930,0.535285,0.535285,0.108286,-0.019645,-0.154469,-0.193244,-0.233801,-0.182319,0.026405,0.044474,0.000000,0.050681,0.117031,-0.007238,0.160032,0.096441,-0.271292,-0.271291,0.151636,0.131693,0.119476
0.013960,-0.157365,-0.151127,-0.159547,-0.151816,-0.031220,-0.096739,-0.242897,-0.070008,-0.070008,-0.040880,0.317305,0.236504,-0.042772,-0.110227,-0.110227,0.238223,-0.085304,0.211590,-0.208012,0.132208,0.057539,0.133744,-0.055284,-0.055284,-0.021469,-0.041704,0.146517,-0.134617,-0.160850,0.386180,0.386180,-0.088302,-0.633831,0.525446,0.386180,0.324791,-0.088302,0.211543,-0.347916,0.151095,-0.347916,0.076807,0.484332,0.484332,-0.191405,0.484332,0.484332,-0.343461,-0.071101,-0.191405,0.354741,0.057488,-0.194458,0.521258,0.548870,0.515669,0.515669,0.372730,0.488623,0.586921,0.488623,0.488623,0.586921,0.488623,0.898157,0.937202,-0.132851,0.937202,0.607455,0.961001,1.000000,0.619971,0.594110,0.593106,0.594110,0.566402,0.565247,0.966351,0.565247,0.565247,0.072904,-0.070630,-0.147032,-0.175398,-0.216415,-0.150642,0.053652,0.063655,0.030216,0.095202,0.060249,0.023574,0.104852,0.124433,-0.255326,-0.255326,0.098785,0.063761,0.049440
0.106358,-0.147086,-0.093338,-0.099328,-0.144252,-0.088808,-0.040120,-0.144547,0.088821,0.088821,-0.186964,0.371106,0.343595,-0.194723,-0.117998,-0.117998,0.338197,0.021939,0.314445,-0.149186,0.212550,0.006111,0.209004,-0.029624,-0.029624,-0.034998,0.008034,0.088710,-0.109178,-0.108309,0.737123,0.737123,-0.162194,-0.361345,0.884798,0.737123,-0.141246,-0.162194,0.609837,-0.514140,-0.184552,-0.514140,-0.202897,0.607756,0.607756,-0.111415,0.607756,0.607756,-0.512462,-0.256798,-0.111415,0.510912,-0.216269,-0.120219,0.646425,0.920294,0.644895,0.644895,0.546096,-0.267419,0.963679,-0.267419,-0.267419,0.963679,-0.267419,0.548858,0.581265,-0.061194,0.581265,-0.230903,0.599964,0.619971,1.000000,-0.247418,-0.243286,-0.247418,-0.240969,-0.236794,0.612093,-0.236794,-0.236794,0.008874,0.007500,-0.026790,-0.070523,-0.081071,-0.073012,-0.012868,0.025274,0.016403,0.040667,-0.017862,0.006189,0.010886,0.074155,-0.108742,-0.108742,0.002817,0.003026,0.022507
-0.097412,-0.040168,-0.098367,-0.107826,-0.036009,0.046281,-0.085164,-0.164581,-0.177599,-0.177599,0.139056,0.020379,-0.052837,0.132235,-0.025140,-0.025140,-0.048034,-0.133694,-0.055291,-0.115666,-0.051722,0.061651,-0.046356,-0.037829,-0.037829,0.016337,-0.048057,0.086384,-0.046444,-0.078770,-0.274345,-0.274345,0.056392,-0.401943,-0.258503,-0.274345,0.535368,0.056392,-0.350837,0.081886,0.389646,0.081886,0.312017,-0.002234,-0.002234,-0.132395,-0.002234,-0.002234,0.085747,0.165796,-0.132395,-0.078583,0.289950,-0.127170,-0.020998,-0.266014,-0.026306,-0.026306,-0.107135,0.886719,-0.262088,0.886719,0.886719,-0.262088,0.886719,0.555056,0.554786,-0.107512,0.554786,0.979089,0.565373,0.594110,-0.247418,1.000000,0.994728,1.000002,0.948052,0.942537,0.576830,0.942537,0.942537,0.064016,-0.103813,-0.157369,-0.146078,-0.186289,-0.095869,0.065388,0.076792,0.008274,0.087178,0.089373,0.010180,0.113535,0.104431,-0.208969,-0.208969,0.113526,0.066459,0.029659
-0.111719,-0.045600,-0.096345,-0.116358,-0.041538,0.047935,-0.083089,-0.161016,-0.171319,-0.171319,0.143045,0.025684,-0.049446,0.136183,-0.038430,-0.038430,-0.041955,-0.131655,-0.051679,-0.112476,-0.045433,0.066331,-0.040019,-0.033885,-0.033885,0.013854,-0.043932,0.088012,-0.043827,-0.076294,-0.269214,-0.269214,0.059900,-0.404358,-0.254265,-0.269214,0.538266,0.059900,-0.352373,0.081832,0.393033,0.081832,0.304073,-0.003986,-0.003986,-0.129523,-0.003986,-0.003986,0.085665,0.161223,-0.129523,-0.078557,0.281690,-0.124329,-0.023238,-0.261594,-0.028597,-0.028597,-0.099235,0.892403,-0.257934,0.892403,0.892403,-0.257934,0.892403,0.554843,0.554177,-0.105752,0.554177,0.984243,0.564743,0.593106,-0.243286,0.994728,1.000000,0.994728,0.942992,0.947975,0.576123,0.947975,0.947975,0.060216,-0.097817,-0.153050,-0.142122,-0.182403,-0.089330,0.059067,0.080706,0.000000,0.083617,0.087285,0.002038,0.112171,0.108232,-0.204459,-0.204459,0.112400,0.063218,0.026205
-0.097412,-0.040168,-0.098367,-0.107826,-0.036009,0.046281,-0.085164,-0.164581,-0.177599,-0.177599,0.139056,0.020379,-0.052837,0.132235,-0.025140,-0.025140,-0.048034,-0.133694,-0.055291,-0.115666,-0.051722,0.061651,-0.046356,-0.037829,-0.037829,0.016337,-0.048057,0.086384,-0.046444,-0.078770,-0.274345,-0.274345,0.056392,-0.401943,-0.258503,-0.274345,0.535368,0.056392,-0.350837,0.081886,0.389646,0.081886,0.312017,-0.002234,-0.002234,-0.132395,-0.002234,-0.002234,0.085747,0.165796,-0.132395,-0.078583,0.289950,-0.127170,-0.020998,-0.266014,-0.026306,-0.026306,-0.107135,0.886719,-0.262088,0.886719,0.886719,-0.262088,0.886719,0.555056,0.554786,-0.107512,0.554786,0.979089,0.565373,0.594110,-0.247418,1.000002,0.994728,1.000000,0.948052,0.942537,0.576830,0.942537,0.942537,0.064016,-0.103813,-0.157369,-0.146078,-0.186289,-0.095869,0.065388,0.076792,0.008274,0.087178,0.089373,0.010180,0.113535,0.104431,-0.208969,-0.208969,0.113526,0.066459,0.029659
-0.078410,-0.040115,-0.110518,-0.044795,-0.035736,0.059527,-0.057393,-0.072908,-0.127895,-0.127895,0.115354,-0.001503,-0.073120,0.108770,-0.051259,-0.051259,-0.075426,-0.145972,-0.076899,-0.134804,-0.014519,0.119705,-0.009328,0.036768,0.036768,0.003301,0.022552,0.103122,-0.044924,-0.075903,-0.267350,-0.267350,0.142535,-0.437516,-0.252423,-0.267350,0.501922,0.142535,-0.290295,0.031763,0.369747,0.031763,0.300387,-0.018186,-0.018186,-0.023857,-0.018186,-0.018186,0.035619,0.232623,-0.023857,-0.028124,0.278367,-0.017759,-0.025395,-0.261833,-0.030511,-0.030511,-0.045019,0.833828,-0.255810,0.833828,0.833828,-0.255810,0.833828,0.514438,0.525269,-0.097153,0.525269,0.938553,0.536061,0.566402,-0.240969,0.948052,0.942992,0.948052,1.000000,0.994773,0.607239,0.994773,0.994773,0.049025,-0.058857,-0.112733,-0.103316,-0.134968,-0.036571,0.037820,0.088727,-0.016476,0.060104,0.045931,-0.015002,0.076677,0.094122,-0.136592,-0.136592,0.075438,0.048146,0.012499
-0.092619,-0.045512,-0.108489,-0.053224,-0.041231,0.061172,-0.055290,-0.069264,-0.121572,-0.121572,0.119279,0.003760,-0.069744,0.112656,-0.064499,-0.064499,-0.069380,-0.143919,-0.073304,-0.131613,-0.008223,0.124385,-0.002985,0.040749,0.040749,0.000817,0.026712,0.104732,-0.042308,-0.073418,-0.262174,-0.262174,0.146066,-0.439848,-0.248139,-0.262174,0.504662,0.146066,-0.291704,0.031659,0.373015,0.031659,0.292399,-0.019939,-0.019939,-0.020901,-0.019939,-0.019939,0.035486,0.228073,-0.020901,-0.028049,0.270069,-0.014834,-0.027623,-0.257368,-0.032787,-0.032787,-0.037092,0.839247,-0.251610,0.839247,0.839247,-0.251610,0.839247,0.514072,0.524514,-0.095370,0.524514,0.943429,0.535285,0.565247,-0.236794,0.942537,0.947975,0.942537,0.994773,1.000000,0.606419,0.999999,0.999999,0.045218,-0.052836,-0.108370,-0.099317,-0.131024,-0.030003,0.031496,0.092613,-0.024730,0.056522,0.043805,-0.023125,0.075270,0.097875,-0.132009,-0.132009,0.074266,0.044893,0.009042
0.021250,-0.166806,-0.152004,-0.111318,-0.161015,-0.025575,-0.081609,-0.172064,-0.022568,-0.022568,-0.072484,0.307189,0.229882,-0.074098,-0.120169,-0.120169,0.218378,-0.103065,0.202274,-0.235378,0.165157,0.099111,0.166465,-0.007533,-0.007533,-0.024009,0.002175,0.155880,-0.142578,-0.167533,0.374635,0.374635,-0.029201,-0.639160,0.516571,0.374635,0.305897,-0.029201,0.257422,-0.382353,0.126701,-0.382353,0.056542,0.471221,0.471221,-0.113418,0.471221,0.471221,-0.377749,-0.032972,-0.113418,0.389561,0.036902,-0.115633,0.497343,0.537873,0.491859,0.491859,0.398247,0.466086,0.578640,0.466086,0.466086,0.578640,0.466086,0.871794,0.900712,-0.131176,0.900712,0.574131,0.924930,0.966351,0.612093,0.576830,0.576123,0.576830,0.607239,0.606419,1.000000,0.606419,0.606419,0.050498,-0.054246,-0.126014,-0.154747,-0.188916,-0.095235,0.025536,0.099759,0.006735,0.093398,0.024641,-0.000552,0.072810,0.144867,-0.212898,-0.212898,0.064977,0.036817,0.023803
-0.092619,-0.045512,-0.108489,-0.053224,-0.041231,0.061172,-0.055290,-0.069264,-0.121572,-0.121572,0.119279,0.003760,-0.069744,0.112656,-0.064499,-0.064499,-0.069380,-0.143919,-0.073304,-0.131613,-0.008223,0.124385,-0.002985,0.040749,0.040749,0.000817,0.026712,0.104732,-0.042308,-0.073418,-0.262174,-0.262174,0.146066,-0.439848,-0.248139,-0.262174,0.504662,0.146066,-0.291704,0.031659,0.373015,0.031659,0.292399,-0.019939,-0.019939,-0.020901,-0.019939,-0.019939,0.035486,0.228073,-0.020901,-0.028049,0.270069,-0.014834,-0.027623,-0.257368,-0.032787,-0.032787,-0.037092,0.839247,-0.251610,0.839247,0.839247,-0.251610,0.839247,0.514072,0.524514,-0.095370,0.524514,0.943429,0.535285,0.565247,-0.236794,0.942537,0.947975,0.942537,0.994773,0.999999,0.606419,1.000000,0.999999,0.045218,-0.052836,-0.108370,-0.099317,-0.131024,-0.030003,0.031496,0.092613,-0.024730,0.056522,0.043805,-0.023125,0.075270,0.097875,-0.132009,-0.132009,0.074266,0.044893,0.009042
-0.092619,-0.045512,-0.108489,-0.053224,-0.041231,0.061172,-0.055290,-0.069264,-0.121572,-0.121572,0.119279,0.003760,-0.069744,0.112656,-0.064499,-0.064499,-0.069380,-0.143919,-0.073304,-0.131613,-0.008223,0.124385,-0.002985,0.040749,0.040749,0.000817,0.026712,0.104732,-0.042308,-0.073418,-0.262174,-0.262174,0.146066,-0.439848,-0.248139,-0.262174,0.504662,0.146066,-0.291704,0.031659,0.373015,0.031659,0.292399,-0.019939,-0.019939,-0.020901,-0.019939,-0.019939,0.035486,0.228073,-0.020901,-0.028049,0.270069,-0.014834,-0.027623,-0.257368,-0.032787,-0.032787,-0.037092,0.839247,-0.251610,0.839247,0.839247,-0.251610,0.839247,0.514072,0.524514,-0.095370,0.524514,0.943429,0.535285,0.565247,-0.236794,0.942537,0.947975,0.942537,0.994773,0.999999,0.606419,0.999999,1.000000,0.045218,-0.052836,-0.108370,-0.099317,-0.131024,-0.030003,0.031496,0.092613,-0.024730,0.056522,0.043805,-0.023125,0.075270,0.097875,-0.132009,-0.132009,0.074266,0.044893,0.009042
0.003934,-0.031964,-0.103181,-0.081592,-0.036311,-0.088761,0.068591,0.001900,-0.005352,-0.005352,0.050740,-0.045970,-0.067060,0.057503,0.113122,0.113122,-0.075356,-0.108498,-0.039898,0.067104,-0.194975,-0.178079,-0.191837,-0.145920,-0.145920,0.128018,-0.121831,-0.059203,-0.137869,-0.113793,-0.096892,-0.096892,0.022688,-0.042052,-0.040179,-0.096892,0.018848,0.022688,-0.060855,0.055839,-0.040093,0.055839,-0.079372,-0.078833,-0.078833,0.032466,-0.078833,-0.078833,0.052945,-0.034171,0.019894,-0.059113,-0.075287,0.027503,-0.061072,-0.009129,-0.064685,-0.064685,-0.038582,0.091157,0.031444,0.091157,0.091157,0.031444,0.091157,0.107057,0.119187,-0.117625,0.119187,0.067802,0.108286,0.072904,0.008874,0.064016,0.060216,0.064016,0.049025,0.045218,0.050498,0.045218,0.045218,1.000000,0.079280,-0.346349,-0.312433,-0.308224,-0.444809,0.748004,-0.209359,0.633582,0.335488,-0.114264,0.606403,0.000892,-0.173176,-0.321699,-0.321700,0.023882,0.062539,0.036904
0.028977,0.079983,0.142222,-0.044797,0.077841,0.043384,0.059510,0.058263,0.008988,0.008988,-0.045446,-0.134544,-0.041860,-0.049036,0.044508,0.044508,-0.109950,0.050179,-0.054688,-0.080155,-0.064176,-0.099905,-0.069675,0.007238,0.007238,-0.038186,0.050702,-0.198515,0.054325,0.071517,0.025976,0.025976,0.007687,0.020074,-0.013613,0.025976,-0.184061,0.007687,-0.034770,-0.009404,0.073755,-0.009404,0.108815,0.070843,0.070843,-0.096870,0.070843,0.070843,-0.004559,-0.003214,-0.120813,-0.021864,0.077331,-0.113357,0.044341,0.000869,0.042100,0.042100,-0.020825,-0.022450,0.019340,-0.022450,-0.022450,0.019340,-0.022450,-0.008502,-0.002953,0.068625,-0.002953,-0.079786,-0.019645,-0.070630,0.007500,-0.103813,-0.097817,-0.103813,-0.058857,-0.052836,-0.054246,-0.052836,-0.052836,0.079280,1.000000,0.769274,0.689193,0.644918,0.333551,-0.129069,-0.331901,-0.321070,-0.499613,-0.180116,-0.333758,-0.087638,-0.297682,0.636677,0.636677,-0.092797,0.016390,-0.004864
0.006654,0.090956,0.229545,0.030904,0.086110,0.058754,0.043546,0.053030,0.000738,0.000738,-0.087524,-0.146626,-0.018512,-0.094449,0.057800,0.057800,-0.092406,0.097399,-0.023810,-0.086790,0.063976,0.026549,0.060115,0.121692,0.121692,-0.088504,0.151548,-0.152980,0.140955,0.150759,0.075544,0.075544,0.048858,0.070717,-0.005561,0.075544,-0.184571,0.048858,-0.015368,-0.018138,0.092489,-0.018138,0.155453,0.065449,0.065449,-0.073804,0.065449,0.065449,-0.014633,0.048680,-0.073804,-0.002587,0.118400,-0.068269,0.041720,-0.040098,0.045728,0.045728,0.004797,-0.149262,-0.041196,-0.149262,-0.149262,-0.041196,-0.149262,-0.165450,-0.158403,0.129878,-0.158403,-0.140085,-0.154469,-0.147032,-0.026790,-0.157369,-0.153050,-0.157369,-0.112733,-0.108370,-0.126014,-0.108370,-0.108370,-0.346349,0.769274,1.000000,0.905815,0.858387,0.598833,-0.294234,-0.238449,-0.285028,-0.410894,-0.325555,-0.282255,-0.361094,-0.248651,0.848257,0.848257,-0.360259,-0.255922,-0.245664
-0.011427,0.077662,0.231962,0.036914,0.071236,0.025381,-0.013238,0.004772,-0.076245,-0.076245,-0.067139,-0.173963,-0.081384,-0.075635,0.058037,0.058037,-0.114600,0.092585,-0.077336,-0.040807,0.025697,0.047040,0.022110,0.139629,0.139629,-0.100750,0.166160,-0.135553,0.138258,0.144406,0.035899,0.035899,0.076201,0.086680,-0.045907,0.035899,-0.186678,0.076201,-0.024702,-0.022555,0.124200,-0.022555,0.173809,0.053779,0.053779,-0.047943,0.053779,0.053779,-0.019363,0.089723,-0.047943,0.008045,0.145121,-0.042763,0.027288,-0.076516,0.030900,0.030900,0.004397,-0.143729,-0.085523,-0.143729,-0.143729,-0.085523,-0.143729,-0.196380,-0.196978,0.115339,-0.196978,-0.130245,-0.193244,-0.175398,-0.070523,-0.146078,-0.142122,-0.146078,-0.103316,-0.099317,-0.154747,-0.099317,-0.099317,-0.312433,0.689193,0.905815,1.000000,0.871248,0.646520,-0.250470,-0.206115,-0.252512,-0.364634,-0.393684,-0.247845,-0.437377,-0.221384,0.873768,0.873768,-0.440917,-0.340846,-0.333369
-0.052152,0.058245,0.258448,0.061159,0.051996,-0.050927,0.083051,0.039364,-0.030723,-0.030723,-0.101548,-0.163627,-0.075941,-0.109690,0.066901,0.066901,-0.101617,0.120958,-0.085553,-0.063247,0.015015,0.053086,0.011444,0.147298,0.147298,-0.023232,0.159407,-0.135198,0.142492,0.149296,0.018265,0.018265,0.050745,0.157092,-0.068441,0.018265,-0.203974,0.050745,-0.063824,0.012926,0.123673,0.012926,0.180165,0.048124,0.048124,-0.097869,0.048124,0.048124,0.016214,0.060598,-0.097869,-0.026914,0.165522,-0.093007,0.023984,-0.087762,0.027547,0.027547,-0.028590,-0.183352,-0.095614,-0.183352,-0.183352,-0.095614,-0.183352,-0.238637,-0.237608,0.148028,-0.237608,-0.170744,-0.233801,-0.216415,-0.081071,-0.186289,-0.182403,-0.186289,-0.134968,-0.131024,-0.188916,-0.131024,-0.131024,-0.308224,0.644918,0.858387,0.871248,1.000000,0.620417,-0.243894,-0.222039,-0.243059,-0.359642,-0.381867,-0.226330,-0.425743,-0.236875,0.857184,0.857184,-0.420696,-0.356444,-0.348786
-0.006374,0.047196,0.163562,0.014747,0.035974,0.000216,0.028287,-0.024387,-0.083847,-0.083847,0.025514,-0.101955,-0.080514,0.022794,-0.009526,-0.009526,-0.098710,0.018920,-0.096938,-0.045224,0.036111,0.026188,0.030283,0.044065,0.044065,-0.049564,0.051359,-0.040075,0.191647,0.200757,0.061476,0.061476,0.038914,0.071083,-0.050946,0.061476,-0.218577,0.038914,0.005247,-0.043492,0.164217,-0.043492,0.196500,0.065779,0.065779,-0.032236,0.065779,0.065779,-0.038338,0.123647,-0.032236,0.034529,0.178930,-0.035573,0.061090,-0.074946,0.067046,0.067046,0.043379,-0.143860,-0.088398,-0.143860,-0.143860,-0.088398,-0.143860,-0.200868,-0.188051,0.113141,-0.188051,-0.096715,-0.182319,-0.150642,-0.073012,-0.095869,-0.089330,-0.095869,-0.036571,-0.030003,-0.095235,-0.030003,-0.030003,-0.444809,0.333551,0.598833,0.646520,0.620417,1.000000,-0.398963,0.555980,-0.369013,0.091671,-0.609872,-0.340751,-0.658721,0.436645,0.685347,0.685347,-0.672491,-0.563575,-0.559451
0.005110,-0.024730,-0.035907,-0.031591,-0.020280,-0.118305,0.060379,-0.001936,-0.050041,-0.050041,0.057886,-0.105386,-0.129685,0.063427,0.159399,0.159399,-0.108337,-0.057692,-0.103764,0.083605,-0.114920,-0.065357,-0.109425,-0.060509,-0.060509,0.120467,-0.045399,0.008734,-0.134499,-0.115633,-0.071818,-0.071818,0.111310,-0.039584,-0.011178,-0.071818,0.039555,0.111310,-0.024276,0.032096,-0.072602,0.032096,-0.092331,-0.095553,-0.095553,0.098431,-0.095553,-0.095553,0.027097,0.013153,0.098431,-0.019765,-0.077169,0.105061,-0.088558,-0.035840,-0.085190,-0.085190,-0.023909,0.032803,-0.017381,0.032803,0.032803,-0.017381,0.032803,0.019235,0.014099,-0.087522,0.014099,0.062008,0.026405,0.053652,-0.012868,0.065388,0.059067,0.065388,0.037820,0.031496,0.025536,0.031496,0.031496,0.748004,-0.129069,-0.294234,-0.250470,-0.243894,-0.398963,1.000000,-0.221641,0.859976,0.498670,-0.161762,0.832478,-0.193227,-0.220181,-0.262941,-0.262941,-0.163720,-0.091373,-0.130002
0.017827,-0.056309,-0.025819,-0.050685,-0.065174,-0.005021,-0.055301,-0.126883,-0.080243,-0.080243,0.114869,0.099353,0.012368,0.119719,-0.090426,-0.090426,0.033669,-0.086759,-0.009948,-0.018328,0.052518,-0.013755,0.049176,-0.105700,-0.105700,-0.022914,-0.119679,0.111848,0.082895,0.085035,0.072025,0.072025,-0.036700,-0.063346,0.029602,0.072025,-0.056476,-0.036700,0.064769,-0.072586,0.095330,-0.072586,0.056997,0.065131,0.065131,0.017092,0.065131,0.065131,-0.069755,0.059373,0.017092,0.075911,0.063215,0.006574,0.081236,0.033351,0.084959,0.084959,0.083783,0.018336,0.021443,0.018336,0.018336,0.021443,0.018336,0.030094,0.041516,-0.019344,0.041516,0.056991,0.044474,0.063655,0.025274,0.076792,0.080706,0.076792,0.088727,0.092613,0.099759,0.092613,0.092613,-0.209359,-0.331901,-0.238449,-0.206115,-0.222039,0.555980,-0.221641,1.000000,-0.189202,0.555849,-0.328845,-0.169736,-0.350162,0.857650,-0.141842,-0.141842,-0.371670,-0.338337,-0.343077
-0.026054,-0.033875,-0.008025,0.009579,-0.029974,-0.117886,0.055309,0.017770,-0.017154,-0.017154,0.009718,-0.057571,-0.069351,0.014618,0.173199,0.173199,-0.063196,-0.074087,-0.033331,0.070179,-0.058757,-0.025321,-0.051488,-0.019282,-0.019282,0.080293,-0.009356,0.020730,-0.121459,-0.104361,-0.048319,-0.048319,0.107451,-0.003251,0.008274,-0.048319,0.032568,0.107451,0.020295,-0.006614,-0.077599,-0.006614,-0.088528,-0.062244,-0.062244,0.109809,-0.062244,-0.062244,-0.013275,0.027083,0.126281,0.029863,-0.072040,0.132487,-0.045334,0.000000,-0.042085,-0.042085,0.029741,-0.027064,0.012291,-0.027064,-0.027064,0.012291,-0.027064,-0.006653,-0.013203,-0.074069,-0.013203,0.000000,0.000000,0.030216,0.016403,0.008274,0.000000,0.008274,-0.016476,-0.024730,0.006735,-0.024730,-0.024730,0.633582,-0.321070,-0.285028,-0.252512,-0.243059,-0.369013,0.859976,-0.189202,1.000000,0.616063,-0.307866,0.971129,-0.322409,-0.178699,-0.265700,-0.265700,-0.282259,-0.237057,-0.230207
-0.016149,-0.067801,-0.029014,-0.047747,-0.072325,-0.104451,-0.003061,-0.101770,-0.026403,-0.026403,0.065756,0.071467,0.019190,0.073113,0.048815,0.048815,0.012331,-0.111741,0.018323,0.041686,0.006449,-0.042506,0.009688,-0.114660,-0.114660,0.023376,-0.115499,0.121260,-0.100029,-0.088763,-0.021502,-0.021502,0.027630,-0.010748,0.028846,-0.021502,0.014467,0.027630,0.027255,-0.027161,-0.042086,-0.027161,-0.068349,-0.017683,-0.017683,0.073167,-0.017683,-0.017683,-0.030170,0.012990,0.073167,0.039934,-0.052094,0.068717,-0.003332,0.028004,0.001811,0.001811,0.034138,0.016475,0.034601,0.016475,0.016475,0.034601,0.016475,0.045189,0.038191,-0.058663,0.038191,0.063157,0.050681,0.095202,0.040667,0.087178,0.083617,0.087178,0.060104,0.056522,0.093398,0.056522,0.056522,0.335488,-0.499613,-0.410894,-0.364634,-0.359642,0.091671,0.498670,0.555849,0.616063,1.000000,-0.486995,0.632999,-0.511578,0.608816,-0.405664,-0.405664,-0.496060,-0.430852,-0.430749
0.047665,-0.032461,-0.137018,-0.004173,-0.025366,0.007900,-0.023403,0.045669,0.063361,0.063361,-0.048256,0.077571,0.034523,-0.050938,-0.091842,-0.091842,0.102767,0.069705,0.031525,-0.012227,0.037111,0.114704,0.039087,0.068871,0.068871,0.034338,0.052164,0.063206,-0.111688,-0.141827,-0.062816,-0.062816,-0.061048,-0.064014,0.014415,-0.062816,0.180445,-0.061048,-0.076614,0.112939,-0.110866,0.112939,-0.151808,-0.113269,-0.113269,-0.007653,-0.113269,-0.113269,0.111601,-0.131451,-0.007653,-0.115047,-0.148109,-0.010580,-0.123947,-0.014749,-0.126485,-0.126485,-0.123213,0.160997,-0.024985,0.160997,0.160997,-0.024985,0.160997,0.119975,0.111571,-0.083167,0.111571,0.090424,0.117031,0.060249,-0.017862,0.089373,0.087285,0.089373,0.045931,0.043805,0.024641,0.043805,0.043805,-0.114264,-0.180116,-0.325555,-0.393684,-0.381867,-0.609872,-0.161762,-0.328845,-0.307866,-0.486995,1.000000,-0.323251,0.913595,-0.307143,-0.455445,-0.455445,0.898738,0.713764,0.697386
-0.012182,-0.021118,-0.012902,-0.013673,-0.029786,-0.121099,0.050036,-0.004227,-0.001351,-0.001351,0.015146,-0.046721,-0.047461,0.020145,0.147139,0.147139,-0.035250,-0.034519,-0.013280,0.078292,-0.062296,-0.036002,-0.055147,-0.028471,-0.028471,0.085742,-0.019033,0.017004,-0.086790,-0.068257,-0.038416,-0.038416,0.098871,-0.008108,-0.002172,-0.038416,0.046164,0.098871,0.023085,-0.006294,-0.053469,-0.006294,-0.068949,-0.057866,-0.057866,0.102326,-0.057866,-0.057866,-0.012850,0.037958,0.118720,0.029505,-0.051845,0.124980,-0.039933,-0.010846,-0.036593,-0.036593,0.030685,-0.026894,0.002016,-0.026894,-0.026894,0.002016,-0.026894,-0.014953,-0.020470,-0.078041,-0.020470,0.002316,-0.007238,0.023574,0.006189,0.010180,0.002038,0.010180,-0.015002,-0.023125,-0.000552,-0.023125,-0.023125,0.606403,-0.333758,-0.282255,-0.247845,-0.226330,-0.340751,0.832478,-0.169736,0.971129,0.632999,-0.323251,1.000000,-0.349215,-0.186520,-0.252055,-0.252055,-0.309678,-0.261421,-0.254260
0.020635,-0.017795,-0.149122,-0.024124,-0.010131,0.021092,-0.040240,0.042258,0.069367,0.069367,-0.056391,0.115065,0.075129,-0.058268,-0.087393,-0.087393,0.130514,0.048606,0.075233,-0.029832,0.021354,0.063361,0.022683,0.023043,0.023043,0.017856,0.013432,0.035828,-0.136379,-0.163216,-0.090981,-0.090981,-0.084568,-0.042428,-0.004214,-0.090981,0.177515,-0.084568,-0.053959,0.074986,-0.100202,0.074986,-0.145891,-0.065897,-0.065897,-0.019860,-0.065897,-0.065897,0.081344,-0.143611,-0.031882,-0.083670,-0.141556,-0.034003,-0.076046,0.033753,-0.085396,-0.085396,-0.097083,0.185557,0.030264,0.185557,0.185557,0.030264,0.185557,0.185398,0.176050,-0.092475,0.176050,0.117181,0.160032,0.104852,0.010886,0.113535,0.112171,0.113535,0.076677,0.075270,0.072810,0.075270,0.075270,0.000892,-0.087638,-0.361094,-0.437377,-0.425743,-0.658721,-0.193227,-0.350162,-0.322409,-0.511578,0.913595,-0.349215,1.000000,-0.314960,-0.499374,-0.499374,0.973663,0.808485,0.795769
-0.019726,-0.052452,-0.033778,-0.079073,-0.049204,-0.019135,-0.063925,-0.129055,-0.031470,-0.031470,0.093818,0.158617,0.085355,0.098448,-0.090605,-0.090605,0.064256,-0.117451,0.047894,-0.008440,0.051874,-0.039588,0.048653,-0.135712,-0.135712,-0.044372,-0.147095,0.129751,-0.032534,-0.035599,0.041531,0.041531,-0.093829,-0.015286,0.067389,0.041531,-0.039168,-0.093829,0.007211,-0.027625,0.016629,-0.027625,-0.007387,0.053875,0.053875,-0.039679,0.053875,0.053875,-0.024746,-0.034094,-0.039679,0.030691,-0.003308,-0.051422,0.066873,0.072851,0.070398,0.070398,0.034576,0.036353,0.070417,0.036353,0.036353,0.070417,0.036353,0.085468,0.093722,-0.005129,0.093722,0.082525,0.096441,0.124433,0.074155,0.104431,0.108232,0.104431,0.094122,0.097875,0.144867,0.097875,0.097875,-0.173176,-0.297682,-0.248651,-0.221384,-0.236875,0.436645,-0.220181,0.857650,-0.178699,0.608816,-0.307143,-0.186520,-0.314960,1.000000,-0.285112,-0.285112,-0.335794,-0.292588,-0.298820
-0.011869,0.089626,0.210668,0.071089,0.085144,0.023903,0.064926,0.067275,-0.056109,-0.056109,-0.033481,-0.212451,-0.127944,-0.039824,0.048124,0.048124,-0.145894,0.097774,-0.120118,-0.032279,0.015332,0.042218,0.011190,0.148298,0.148298,-0.059690,0.163320,-0.137702,0.216836,0.230405,0.052010,0.052010,0.112357,0.093296,-0.079109,0.052010,-0.216341,0.112357,0.018669,-0.040925,0.155672,-0.040925,0.204170,0.044412,0.044412,-0.002574,0.044412,0.044412,-0.037311,0.149039,-0.015832,0.020780,0.181094,-0.009668,0.024275,-0.113598,0.028384,0.028384,0.024202,-0.203205,-0.123179,-0.203205,-0.203205,-0.123179,-0.203205,-0.278615,-0.275704,0.114216,-0.275704,-0.190930,-0.271292,-0.255326,-0.108742,-0.208969,-0.204459,-0.208969,-0.136592,-0.132009,-0.212898,-0.132009,-0.132009,-0.321699,0.636677,0.848257,0.873768,0.857184,0.685347,-0.262941,-0.141842,-0.265700,-0.405664,-0.455445,-0.252055,-0.499374,-0.285112,1.000000,1.000001,-0.499704,-0.388698,-0.377590
-0.011869,0.089627,0.210668,0.071089,0.085144,0.023903,0.064926,0.067275,-0.056109,-0.056109,-0.033481,-0.212451,-0.127944,-0.039824,0.048124,0.048124,-0.145894,0.097774,-0.120117,-0.032279,0.015332,0.042218,0.011190,0.148298,0.148298,-0.059690,0.163320,-0.137702,0.216836,0.230405,0.052010,0.052010,0.112357,0.093296,-0.079109,0.052010,-0.216341,0.112357,0.018669,-0.040925,0.155672,-0.040925,0.204170,0.044412,0.044412,-0.002574,0.044412,0.044412,-0.037311,0.149039,-0.015832,0.020780,0.181094,-0.009668,0.024275,-0.113598,0.028384,0.028384,0.024202,-0.203206,-0.123179,-0.203206,-0.203206,-0.123179,-0.203206,-0.278615,-0.275704,0.114216,-0.275704,-0.190930,-0.271291,-0.255326,-0.108742,-0.208969,-0.204459,-0.208969,-0.136592,-0.132009,-0.212898,-0.132009,-0.132009,-0.321700,0.636677,0.848257,0.873768,0.857184,0.685347,-0.262941,-0.141842,-0.265700,-0.405664,-0.455445,-0.252055,-0.499374,-0.285112,1.000001,1.000000,-0.499704,-0.388698,-0.377590
0.020185,-0.031689,-0.126071,-0.015455,-0.023975,0.011371,-0.018427,0.058725,0.083081,0.083081,-0.058058,0.108150,0.065124,-0.059661,-0.073558,-0.073558,0.116428,0.035563,0.063473,-0.037555,0.007509,0.063098,0.008607,0.020252,0.020252,0.032677,0.008930,0.026408,-0.122232,-0.147368,-0.090188,-0.090188,-0.084478,-0.044069,-0.012754,-0.090188,0.190616,-0.084478,-0.061110,0.082625,-0.106727,0.082625,-0.136949,-0.070263,-0.070263,-0.025610,-0.070263,-0.070263,0.081934,-0.131766,-0.025610,-0.083879,-0.132108,-0.027380,-0.077680,0.023471,-0.086806,-0.086806,-0.093909,0.180679,0.021892,0.180679,0.180679,0.021892,0.180679,0.174213,0.167384,-0.067244,0.167384,0.118087,0.151636,0.098785,0.002817,0.113526,0.112400,0.113526,0.075438,0.074266,0.064977,0.074266,0.074266,0.023882,-0.092797,-0.360259,-0.440917,-0.420696,-0.672491,-0.163720,-0.371670,-0.282259,-0.496060,0.898738,-0.309678,0.973663,-0.335794,-0.499704,-0.499704,1.000000,0.792496,0.780841
0.028619,0.035611,-0.151662,0.006345,0.042403,0.033456,-0.016430,0.111566,0.138193,0.138193,-0.049176,0.106780,0.042533,-0.053195,-0.102069,-0.102069,0.134416,0.098152,0.027628,-0.054137,0.017059,0.016560,0.020013,-0.004163,-0.004163,-0.028429,0.000628,0.013471,-0.114063,-0.102382,-0.046031,-0.046031,-0.069609,-0.064477,0.009643,-0.046031,0.103169,-0.069609,-0.050881,0.065167,-0.071963,0.065167,-0.089818,-0.045841,-0.045841,-0.035403,-0.045841,-0.045841,0.070349,-0.108387,-0.047971,-0.075621,-0.096406,-0.039992,-0.045205,0.035084,-0.048256,-0.048256,-0.062178,0.144489,0.025044,0.144489,0.144489,0.025044,0.144489,0.147301,0.157317,-0.049892,0.157317,0.081985,0.131693,0.063761,0.003026,0.066459,0.063218,0.066459,0.048146,0.044893,0.036817,0.044893,0.044893,0.062539,0.016390,-0.255922,-0.340846,-0.356444,-0.563575,-0.091373,-0.338337,-0.237057,-0.430852,0.713764,-0.261421,0.808485,-0.292588,-0.388698,-0.388698,0.792496,1.000000,0.979144
0.039638,0.050361,-0.142588,0.023471,0.057155,0.019970,-0.006840,0.118260,0.135877,0.135877,-0.043088,0.121943,0.046675,-0.047304,-0.127255,-0.127255,0.154131,0.108043,0.033178,-0.051909,0.020218,0.008300,0.023339,-0.008468,-0.008468,-0.039695,-0.002163,0.020473,-0.117914,-0.107192,-0.030616,-0.030616,-0.086428,-0.044082,0.029659,-0.030616,0.099424,-0.086428,-0.033264,0.057181,-0.082183,0.057181,-0.105467,-0.037931,-0.037931,-0.034704,-0.037931,-0.037931,0.062207,-0.120911,-0.047303,-0.067773,-0.112747,-0.039533,-0.031275,0.056007,-0.034401,-0.034401,-0.049247,0.113708,0.044734,0.113708,0.113708,0.044734,0.113708,0.136951,0.145270,-0.060597,0.145270,0.044390,0.119476,0.049440,0.022507,0.029659,0.026205,0.029659,0.012499,0.009042,0.023803,0.009042,0.009042,0.036904,-0.004864,-0.245664,-0.333369,-0.348786,-0.559451,-0.130002,-0.343077,-0.230207,-0.430749,0.697386,-0.254260,0.795769,-0.298820,-0.377590,-0.377590,0.780841,0.979144,1.000000
